ANMOIS;CIE;CIE_NOM;CIE_NAT;CIE_PAYS;CIE_PAX;CIE_FRP;CIE_PEQ;CIE_PKT;CIE_TKT;CIE_PEQKT;CIE_VOL
202001;AAL;AMERICAN AIRLINES;E;ETATS-UNIS;60511;3319;93701;0,407;0,0228;0,635;282
202001;AAR;ASIANA AIRLINES;E;COREE DU SUD;12617;2570,1;38318;0,113;0,023;0,343;44
202001;ABR;ASL AIRLINES IRELAND;E;IRLANDE;0;1582,4;15824;0;0,0012;0,012;499
202001;ABW;AIRBRIDGE CARGO AIRLINES;E;RUSSIE (FED. DE);0;3461;34610;0;0,0077;0,077;19
202001;ACA;AIR CANADA;E;CANADA;45328;1739,4;62722;0,261;0,0101;0,362;154
202001;ACI;AIRCALIN;F;FRANCE (OM);49704;339,4;53098;0,194;0,0017;0,211;414
202001;AEA;AIR EUROPA;E;ESPAGNE;90407;88,3;91290;0,108;0,0001;0,109;577
202001;AEE;AEGEAN AIRLINES;E;GRECE;26642;162,3;28265;0,055;0,0003;0,058;160
202001;AFL;AEROFLOT;E;RUSSIE (FED. DE);61637;544;67077;0,159;0,0013;0,172;562
202001;AFR;AIR FRANCE;F;FRANCE;4037904;45256,5;4490469;12,571;0,3314;15,885;31364
202001;AIC;AIR INDIA;E;INDE;13979;598;19959;0,092;0,0039;0,131;62
202001;AMC;AIR MALTA;E;MALTE;13536;53,5;14071;0,023;0,0001;0,024;120
202001;AMX;AEROMEXICO;E;MEXIQUE;18033;578,1;23814;0,166;0,0053;0,219;80
202001;ANA;ANA ALL NIPPON AIRWAYS;E;JAPON;10573;1323,6;23809;0,103;0,0129;0,232;62
202001;ANE;AIR NOSTRUM;E;ESPAGNE;68759;0;68759;0,052;0;0,052;945
202001;ANZ;AIR NEW ZEALAND;E;NLLE ZELANDE;9737;68,6;10423;0,032;0,0003;0,035;54
202001;ASL;AIR SERBIA;E;SERBIE;11951;52,5;12476;0,017;0,0001;0,018;109
202001;AUA;AUSTRIAN AIRLINES;E;AUTRICHE;40159;86,2;41021;0,038;0,0001;0,039;423
202001;AUI;UKRAINE INTL AIRLINES;E;UKRAINE;9472;91,7;10389;0,019;0,0002;0,021;66
202001;AWC;TITAN AIRWAYS;E;ROYAUME-UNI;12506;3,9;12545;0,011;0;0,011;91
202001;AZA;ALITALIA;E;ITALIE;79935;64,5;80580;0,089;0,0001;0,09;889
202001;BAW;BRITISH AIRWAYS;E;ROYAUME-UNI;188455;753,9;195994;0,139;0,0003;0,142;1536
202001;BCS;EAT/EUROPEAN AIR TRANSP;E;ALLEMAGNE;0;11134,1;111341;0;0,0092;0,092;676
202001;BEE;FLYBE;E;ROYAUME-UNI;47261;1,3;47274;0,026;0;0,026;762
202001;BEL;BRUSSELS AIRLINES;E;BELGIQUE;76088;6,1;76149;0,048;0;0,048;735
202001;BGA;AIRBUS TRANSPORT INTL;F;FRANCE;0;4994,2;49942;0;0,0045;0,045;282
202001;BMS;BLUE AIR;E;ROUMANIE;11267;0,3;11270;0,02;0;0,02;86
202001;BOS;LEVEL (OPENSKIES);F;FRANCE;45768;85,1;46619;0,315;0,0006;0,321;169
202001;BTI;AIR BALTIC;E;LETTONIE;15554;102,8;16582;0,026;0,0002;0,028;146
202001;CCA;AIR CHINA INTL;E;CHINE;36118;8764,8;123766;0,304;0,073;1,034;152
202001;CCM;AIR CORSICA;F;FRANCE;119662;209,8;121760;0,066;0,0001;0,067;1541
202001;CES;CHINA EASTERN AIRLINES;E;CHINE;37660;8509,4;122754;0,346;0,0778;1,124;162
202001;CHH;HAINAN AIRLINES;E;CHINE;11215;908,5;20300;0,1;0,0081;0,181;60
202001;CLG;CHALAIR AVIATION;F;FRANCE;12016;1,1;12027;0,005;0;0,005;896
202001;CPA;CATHAY PACIFIC;E;HONG KONG (CHINE);16377;4265,2;59029;0,157;0,0409;0,566;70
202001;CRL;CORSAIR;F;FRANCE;107513;2069,5;128208;0,785;0,0146;0,931;340
202001;CSA;CSA CZECH AIRLINES;E;TCHEQUIE;32161;70,4;32865;0,027;0,0001;0,028;186
202001;CSN;CHINA SOUTHERN AIRLINES;E;CHINE;16772;3229,1;49063;0,159;0,0306;0,465;64
202001;CXA;XIAMEN AIRLINES;E;CHINE;4610;643,4;11044;0,044;0,0062;0,106;25
202001;DAH;AIR ALGERIE;E;ALGERIE;259514;1760,7;277121;0,316;0,0024;0,34;2115
202001;DAL;DELTA AIR LINES;E;ETATS-UNIS;119316;4431,7;163633;0,831;0,0306;1,137;583
202001;DLH;LUFTHANSA;E;ALLEMAGNE;256213;2768,9;283902;0,163;0,0016;0,179;2877
202001;EIN;AER LINGUS;E;IRLANDE;48980;99,9;49979;0,044;0,0001;0,045;384
202001;EJU;EASYJET EUROPE;E;AUTRICHE;1052303;0,6;1052309;0,994;0;0,994;6854
202001;ELY;EL AL;E;ISRAEL;25396;880,1;34197;0,082;0,0029;0,111;159
202001;ETD;ETIHAD AIRWAYS;E;EMIRATS ARABES UNIS;49499;2085,5;70354;0,26;0,011;0,37;126
202001;ETH;ETHIOPIAN AIRLINES;E;ETHIOPIE;18644;555,6;24200;0,103;0,0031;0,134;88
202001;EVA;EVA AIR;E;TAIWAN;15265;2140,3;36668;0,15;0,021;0,36;56
202001;EWG;EUROWINGS;E;ALLEMAGNE;33715;0;33715;0,019;0;0,019;551
202001;EXS;JET2.COM;E;ROYAUME-UNI;26351;0,1;26352;0,025;0;0,025;172
202001;EZS;EASYJET SWITZERLAND;E;SUISSE;279258;0;279258;0,266;0;0,266;1825
202001;EZY;EASYJET R-U;E;ROYAUME-UNI;260830;0;260830;0,185;0;0,185;1786
202001;FBU;FRENCH BEE;F;FRANCE;40095;928,7;49382;0,396;0,0091;0,487;120
202001;FDX;FEDEX EXPRESS;E;ETATS-UNIS;7;36201,7;362024;0;0,1352;1,352;1124
202001;FIN;FINNAIR;E;FINLANDE;40388;328,1;43669;0,077;0,0006;0,083;329
202001;FOO;LEVEL (AUSTRICHE);E;AUTRICHE;11524;0;11524;0,012;0;0,012;116
202001;FPO;ASL AIRLINES FRANCE;F;FRANCE;14551;4992;64471;0,038;0,005;0,088;321
202001;FWI;AIR CARAIBES;F;FRANCE (OM);175575;1568,9;191264;1,045;0,0106;1,151;1092
202001;GUY;CAIRE - AIR GUYANE EXPRESS;F;FRANCE (OM);27495;73;28225;0,007;0;0,007;1577
202001;HVN;VIETNAM AIRLINES;E;VIETNAM;24322;1685,7;41179;0,23;0,016;0,39;90
202001;IBE;IBERIA;E;ESPAGNE;56191;26;56451;0,059;0;0,059;352
202001;IBK;NORWEGIAN AIR INTERNATIONAL;E;IRLANDE;14968;2,4;14992;0,019;0;0,019;102
202001;IBS;IBERIA EXPRESS;E;ESPAGNE;49067;83,8;49905;0,044;0,0001;0,045;377
202001;ICE;ICELANDAIR;E;ISLANDE;13502;450,4;18006;0,03;0,001;0,04;68
202001;JAF;TUIFLY BELGIUM;E;BELGIQUE;44533;14;44673;0,088;0;0,088;346
202001;JAL;JAPAN AIRLINES;E;JAPON;13442;0;13442;0,131;0;0,131;62
202001;KAC;KUWAIT AIRWAYS;E;KOWEIT;10359;436,3;14722;0,046;0,0019;0,065;62
202001;KAL;KOREAN AIR;E;COREE DU SUD;21722;1505,8;36780;0,194;0,0135;0,329;78
202001;KLC;KLM/CITYHOPPER;E;PAYS-BAS;48563;0,7;48570;0,039;0;0,039;581
202001;KLM;KLM;E;PAYS-BAS;89404;592,9;95333;0,055;0,0002;0,057;769
202001;KQA;KENYA AIRWAYS;E;KENYA;14188;544;19628;0,084;0,0035;0,119;89
202001;LBT;NOUVELAIR;E;TUNISIE;54937;32,2;55259;0,075;0;0,075;396
202001;LDM;LAUDAMOTION;E;AUTRICHE;12000;0;12000;0,013;0;0,013;86
202001;LGL;LUXAIR;E;LUXEMBOURG;13910;0;13910;0,006;0;0,006;311
202001;LOT;LOT POLISH AIRLINES;E;POLOGNE;20943;159,4;22537;0,028;0,0002;0,03;247
202001;MAC;AIR ARABIA MAROC;E;MAROC;37272;11,8;37390;0,059;0;0,059;378
202001;MAU;AIR MAURITIUS;E;MAURICE;61793;1191,4;73707;0,193;0,0089;0,282;432
202001;MDG;AIR MADAGASCAR;E;MADAGASCAR;12729;131,4;14043;0,07;0,0011;0,081;140
202001;MEA;MIDDLE EAST AIRLINES;E;LIBAN;26200;563,6;31836;0,084;0,0018;0,102;130
202001;MNB;MNG AIRLINES;E;TURQUIE;0;2337,5;23375;0;0,0034;0,034;40
202001;MSR;EGYPT AIR;E;EGYPTE;18054;1379,4;31848;0,058;0,0044;0,102;88
202001;NAX;NORWEGIAN;E;NORVEGE;75320;1200,9;87329;0,38;0,0092;0,472;359
202001;NPT;ATLANTIC AIRLINES UK;E;ROYAUME-UNI;15;2152,7;21542;0;0,0012;0,012;175
202001;OMA;OMAN AIR;E;OMAN;14844;892,9;23773;0,083;0,005;0,133;62
202001;PGT;PEGASUS;E;TURQUIE;63309;39,3;63702;0,131;0,0001;0,132;392
202001;QTR;QATAR AIRWAYS;E;QATAR;66420;4534,1;111761;0,329;0,0223;0,552;285
202001;RAM;ROYAL AIR MAROC;E;MAROC;137086;591,6;143002;0,248;0,0011;0,259;1212
202001;REU;AIR AUSTRAL;F;FRANCE (OM);126266;1489,5;141161;0,516;0,012;0,636;735
202001;ROT;TAROM;E;ROUMANIE;13750;22,1;13971;0,025;0;0,025;162
202001;RYR;RYANAIR;E;IRLANDE;817084;39,4;817478;0,908;0;0,908;5454
202001;SAS;SAS;E;SUEDE;34054;302,3;37077;0,045;0,0004;0,049;286
202001;SDM;ROSSIYA;E;RUSSIE (FED. DE);10132;11,5;10247;0,022;0;0,022;80
202001;SIA;SINGAPORE AIRLINES;E;SINGAPOUR;19448;2289,6;42344;0,209;0,0246;0,455;88
202001;SRR;STAR AIR DANEMARK;E;DANEMARK;0;5670,3;56703;0;0,0033;0,033;260
202001;SVA;SAUDIA;E;ARABIE SAOUDITE;25458;1226,6;37724;0,116;0,0056;0,172;124
202001;SWR;SWISS;E;SUISSE;57365;879;66155;0,028;0,0004;0,032;537
202001;SZN;AIR SENEGAL;E;SENEGAL;17912;353,2;21444;0,075;0,0015;0,09;92
202001;TAM;TAM/BRASIL;E;BRESIL;19454;1800;37454;0,183;0,0169;0,352;62
202001;TAP;TAP AIR PORTUGAL;E;PORTUGAL;119691;111,7;120808;0,161;0,0002;0,163;1150
202001;TAR;TUNISAIR;E;TUNISIE;99871;302,9;102900;0,127;0,0004;0,131;822
202001;TAY;ASL AIRLINES BELGIUM;E;BELGIQUE;0;3216,5;32165;0;0,0022;0,022;401
202001;THA;THAI AIRWAYS INTL;E;THAILANDE;25935;1170,2;37637;0,245;0,0111;0,356;88
202001;THT;AIR TAHITI NUI;F;FRANCE (OM);29204;864;37844;0,235;0,0083;0,318;150
202001;THY;TURKISH AIRLINES;E;TURQUIE;133966;4605,3;180019;0,282;0,0102;0,384;955
202001;TOM;TUI AIRWAYS;E;ROYAUME-UNI;23922;10,2;24024;0,022;0;0,022;142
202001;TPC;AIR CALEDONIE;F;FRANCE (OM);41452;132;42772;0,007;0;0,007;842
202001;TRA;TRANSAVIA PAYS BAS;E;PAYS-BAS;15958;0,3;15961;0,013;0;0,013;134
202001;TSC;AIR TRANSAT;E;CANADA;36093;19,6;36289;0,183;0,0001;0,184;130
202001;TVF;TRANSAVIA FRANCE;F;FRANCE;324961;0;324961;0,572;0;0,572;1990
202001;UAE;EMIRATES;E;EMIRATS ARABES UNIS;117968;4074;158708;0,604;0,021;0,814;310
202001;UAL;UNITED AIRLINES;E;ETATS-UNIS;47734;4283,1;90565;0,32;0,0287;0,607;244
202001;UPS;UPS AIRLINES;E;ETATS-UNIS;0;3304,2;33042;0;0,0052;0,052;88
202001;VLG;VUELING AIRLINES;E;ESPAGNE;350670;329,3;353963;0,338;0,0003;0,341;2177
202001;VOE;VOLOTEA;E;ESPAGNE;112190;3,5;112225;0,117;0;0,117;868
202001;VTA;AIR TAHITI;F;FRANCE (OM);64457;124,2;65699;0,024;0,0001;0,025;2220
202001;WZZ;WIZZ AIR;E;HONGRIE;136259;0;136259;0,197;0;0,197;836
202001;ZZE; AUTRES CIE (E);E;_ZZ_E;242449;2686,1;269310;0,586;0,0078;0,664;12988
202001;ZZF; AUTRES CIE (F);F;_ZZ_F;29308;192,9;31237;0,036;0,0001;0,037;4733
202002;AAL;AMERICAN AIRLINES;E;ETATS-UNIS;49183;3472,2;83905;0,335;0,024;0,575;220
202002;AAR;ASIANA AIRLINES;E;COREE DU SUD;10591;2444,9;35040;0,095;0,0218;0,313;42
202002;ABR;ASL AIRLINES IRELAND;E;IRLANDE;0;1376,7;13767;0;0,0011;0,011;435
202002;ACA;AIR CANADA;E;CANADA;42984;1992,3;62907;0,247;0,0115;0,362;150
202002;ACI;AIRCALIN;F;FRANCE (OM);35493;371,6;39209;0,141;0,0019;0,16;351
202002;AEA;AIR EUROPA;E;ESPAGNE;85793;175,6;87549;0,102;0,0002;0,104;538
202002;AEE;AEGEAN AIRLINES;E;GRECE;20447;139,3;21840;0,043;0,0003;0,046;127
202002;AFL;AEROFLOT;E;RUSSIE (FED. DE);60738;526,5;66003;0,158;0,0013;0,171;518
202002;AFR;AIR FRANCE;F;FRANCE;3639855;45894,7;4098802;10,916;0,3303;14,219;28903
202002;AIC;AIR INDIA;E;INDE;12671;546,8;18139;0,083;0,0036;0,119;58
202002;AMC;AIR MALTA;E;MALTE;16054;51,7;16571;0,026;0,0001;0,027;126
202002;AMX;AEROMEXICO;E;MEXIQUE;13914;605,5;19969;0,128;0,0056;0,184;58
202002;ANA;ANA ALL NIPPON AIRWAYS;E;JAPON;10230;1219,8;22428;0,099;0,0119;0,218;58
202002;ANE;AIR NOSTRUM;E;ESPAGNE;61587;0;61587;0,046;0;0,046;781
202002;ASL;AIR SERBIA;E;SERBIE;9597;58,8;10185;0,014;0,0001;0,015;98
202002;AUA;AUSTRIAN AIRLINES;E;AUTRICHE;42002;65,9;42661;0,04;0,0001;0,041;399
202002;AWC;TITAN AIRWAYS;E;ROYAUME-UNI;14100;4,1;14141;0,012;0;0,012;93
202002;AZA;ALITALIA;E;ITALIE;73950;54,6;74496;0,09;0,0001;0,091;840
202002;BAW;BRITISH AIRWAYS;E;ROYAUME-UNI;194563;727,7;201840;0,145;0,0003;0,148;1582
202002;BCS;EAT/EUROPEAN AIR TRANSP;E;ALLEMAGNE;220;10122,5;101445;0;0,0084;0,084;631
202002;BEE;FLYBE;E;ROYAUME-UNI;47293;3,5;47328;0,026;0;0,026;778
202002;BEL;BRUSSELS AIRLINES;E;BELGIQUE;78212;5,6;78268;0,05;0;0,05;722
202002;BGA;AIRBUS TRANSPORT INTL;F;FRANCE;0;4554,1;45541;0;0,004;0,04;250
202002;BOS;LEVEL (OPENSKIES);F;FRANCE;42428;103,2;43460;0,288;0,0007;0,295;160
202002;BTI;AIR BALTIC;E;LETTONIE;13916;84,6;14762;0,024;0,0001;0,025;126
202002;CCA;AIR CHINA INTL;E;CHINE;15258;4519;60448;0,129;0,0377;0,506;84
202002;CCM;AIR CORSICA;F;FRANCE;118295;187,1;120166;0,065;0,0001;0,066;1409
202002;CES;CHINA EASTERN AIRLINES;E;CHINE;17962;5018,7;68149;0,166;0,0464;0,63;92
202002;CLG;CHALAIR AVIATION;F;FRANCE;10605;1;10615;0,004;0;0,004;807
202002;CPA;CATHAY PACIFIC;E;HONG KONG (CHINE);9431;3219,8;41629;0,091;0,0309;0,4;60
202002;CRL;CORSAIR;F;FRANCE;107521;2249,9;130020;0,771;0,016;0,931;315
202002;CSA;CSA CZECH AIRLINES;E;TCHEQUIE;29313;45;29763;0,025;0;0,025;177
202002;CSN;CHINA SOUTHERN AIRLINES;E;CHINE;5339;1904,7;24386;0,051;0,018;0,231;38
202002;DAH;AIR ALGERIE;E;ALGERIE;237188;2081,3;258001;0,288;0,0028;0,316;1918
202002;DAL;DELTA AIR LINES;E;ETATS-UNIS;106990;5021,2;157202;0,741;0,0344;1,085;529
202002;DLH;LUFTHANSA;E;ALLEMAGNE;273457;2726,4;300721;0,176;0,0015;0,191;2900
202002;EIN;AER LINGUS;E;IRLANDE;52309;116,3;53472;0,047;0,0001;0,048;396
202002;EJU;EASYJET EUROPE;E;AUTRICHE;1146004;2,1;1146025;1,107;0;1,107;7417
202002;ELY;EL AL;E;ISRAEL;25386;854,1;33927;0,082;0,0028;0,11;155
202002;ENT;ENTER AIR;E;POLOGNE;11284;1,2;11296;0,009;0;0,009;79
202002;ETD;ETIHAD AIRWAYS;E;EMIRATS ARABES UNIS;41976;2375,2;65728;0,221;0,0125;0,346;118
202002;ETH;ETHIOPIAN AIRLINES;E;ETHIOPIE;19912;563,7;25549;0,11;0,0031;0,141;84
202002;EVA;EVA AIR;E;TAIWAN;11472;2113,2;32604;0,112;0,0207;0,319;50
202002;EWG;EUROWINGS;E;ALLEMAGNE;33506;0;33506;0,02;0;0,02;516
202002;EXS;JET2.COM;E;ROYAUME-UNI;30429;0,1;30430;0,029;0;0,029;200
202002;EZS;EASYJET SWITZERLAND;E;SUISSE;319438;0;319438;0,321;0;0,321;2098
202002;EZY;EASYJET R-U;E;ROYAUME-UNI;283322;0;283322;0,209;0;0,209;1978
202002;FBU;FRENCH BEE;F;FRANCE;28263;905,7;37320;0,277;0,0089;0,366;94
202002;FDX;FEDEX EXPRESS;E;ETATS-UNIS;0;31417,8;314178;0;0,1147;1,147;1075
202002;FEG;FLY EGYPT;E;EGYPTE;12569;0;12569;0,044;0;0,044;88
202002;FIN;FINNAIR;E;FINLANDE;40124;337,7;43501;0,077;0,0006;0,083;318
202002;FOO;LEVEL (AUSTRICHE);E;AUTRICHE;12244;0;12244;0,013;0;0,013;105
202002;FPO;ASL AIRLINES FRANCE;F;FRANCE;19640;5233,6;71976;0,051;0,0058;0,109;357
202002;FWI;AIR CARAIBES;F;FRANCE (OM);173165;1667,2;189837;1,024;0,0113;1,137;1071
202002;GUY;CAIRE - AIR GUYANE EXPRESS;F;FRANCE (OM);28873;75,3;29626;0,007;0;0,007;1622
202002;HVN;VIETNAM AIRLINES;E;VIETNAM;20262;1827,3;38535;0,191;0,0173;0,364;82
202002;IBE;IBERIA;E;ESPAGNE;51206;22;51426;0,053;0;0,053;293
202002;IBK;NORWEGIAN AIR INTERNATIONAL;E;IRLANDE;14001;0;14001;0,018;0;0,018;90
202002;IBS;IBERIA EXPRESS;E;ESPAGNE;45984;101,8;47002;0,041;0,0001;0,042;346
202002;ICE;ICELANDAIR;E;ISLANDE;17147;306,6;20213;0,038;0,0007;0,045;84
202002;JAF;TUIFLY BELGIUM;E;BELGIQUE;45165;21,8;45383;0,089;0;0,089;332
202002;JAL;JAPAN AIRLINES;E;JAPON;12901;216,6;15067;0,125;0,0021;0,146;58
202002;KAC;KUWAIT AIRWAYS;E;KOWEIT;9221;491,2;14133;0,041;0,0022;0,063;58
202002;KAL;KOREAN AIR;E;COREE DU SUD;18002;1498,6;32988;0,161;0,0134;0,295;75
202002;KLC;KLM/CITYHOPPER;E;PAYS-BAS;38887;0,5;38892;0,032;0;0,032;458
202002;KLM;KLM;E;PAYS-BAS;91823;539,6;97219;0,057;0,0002;0,059;768
202002;KQA;KENYA AIRWAYS;E;KENYA;13788;606,2;19850;0,081;0,0039;0,12;82
202002;LBT;NOUVELAIR;E;TUNISIE;56662;29,3;56955;0,077;0;0,077;402
202002;LDM;LAUDAMOTION;E;AUTRICHE;12662;0;12662;0,013;0;0,013;88
202002;LGL;LUXAIR;E;LUXEMBOURG;12669;0;12669;0,005;0;0,005;283
202002;LOT;LOT POLISH AIRLINES;E;POLOGNE;23456;170,1;25157;0,032;0,0002;0,034;230
202002;MAC;AIR ARABIA MAROC;E;MAROC;35637;15,5;35792;0,056;0;0,056;319
202002;MAU;AIR MAURITIUS;E;MAURICE;36399;1415,5;50554;0,176;0,0102;0,278;348
202002;MEA;MIDDLE EAST AIRLINES;E;LIBAN;24717;772,7;32444;0,079;0,0025;0,104;123
202002;MNB;MNG AIRLINES;E;TURQUIE;0;2454,4;24544;0;0,0031;0,031;42
202002;MSR;EGYPT AIR;E;EGYPTE;16574;1148,1;28055;0,053;0,0037;0,09;83
202002;NAX;NORWEGIAN;E;NORVEGE;71977;1819,2;90169;0,344;0,0141;0,485;356
202002;NPT;ATLANTIC AIRLINES UK;E;ROYAUME-UNI;6;2169,6;21702;0;0,0012;0,012;168
202002;OMA;OMAN AIR;E;OMAN;14571;996,1;24532;0,081;0,0056;0,137;58
202002;PGT;PEGASUS;E;TURQUIE;61331;52,9;61860;0,127;0,0001;0,128;376
202002;QTR;QATAR AIRWAYS;E;QATAR;71803;4139,3;113196;0,356;0,0202;0,558;283
202002;RAM;ROYAL AIR MAROC;E;MAROC;127087;511,8;132205;0,232;0,001;0,242;1101
202002;REU;AIR AUSTRAL;F;FRANCE (OM);69342;1506,9;84411;0,34;0,0118;0,458;499
202002;ROT;TAROM;E;ROUMANIE;10993;18,6;11179;0,02;0;0,02;131
202002;ROU;AIR CANADA ROUGE;E;CANADA;10700;7;10770;0,038;0;0,038;58
202002;RYR;RYANAIR;E;IRLANDE;781087;13,7;781224;0,864;0;0,864;4944
202002;SAS;SAS;E;SUEDE;36540;251,9;39059;0,048;0,0003;0,051;292
202002;SDM;ROSSIYA;E;RUSSIE (FED. DE);9991;9,2;10083;0,022;0;0,022;74
202002;SIA;SINGAPORE AIRLINES;E;SINGAPOUR;16449;2015,5;36604;0,177;0,0216;0,393;84
202002;SRR;STAR AIR DANEMARK;E;DANEMARK;0;4958,7;49587;0;0,0029;0,029;240
202002;SVA;SAUDIA;E;ARABIE SAOUDITE;21695;1792;39615;0,099;0,0082;0,181;117
202002;SWR;SWISS;E;SUISSE;53463;728,6;60749;0,026;0,0003;0,029;478
202002;SZN;AIR SENEGAL;E;SENEGAL;16425;412,5;20550;0,069;0,0017;0,086;84
202002;TAM;TAM/BRASIL;E;BRESIL;17422;2165,1;39073;0,164;0,0204;0,368;58
202002;TAP;TAP AIR PORTUGAL;E;PORTUGAL;114453;95,5;115408;0,153;0,0001;0,154;1025
202002;TAR;TUNISAIR;E;TUNISIE;88280;364;91920;0,113;0,0005;0,118;712
202002;TAY;ASL AIRLINES BELGIUM;E;BELGIQUE;0;3154;31540;0;0,002;0,02;405
202002;THA;THAI AIRWAYS INTL;E;THAILANDE;25277;841,9;33696;0,239;0,008;0,319;84
202002;THT;AIR TAHITI NUI;F;FRANCE (OM);23626;1177,9;35405;0,185;0,0112;0,297;134
202002;THY;TURKISH AIRLINES;E;TURQUIE;132476;5459,3;187069;0,28;0,0121;0,401;885
202002;TOM;TUI AIRWAYS;E;ROYAUME-UNI;27184;12,8;27312;0,025;0;0,025;171
202002;TPC;AIR CALEDONIE;F;FRANCE (OM);33818;112,7;34945;0,006;0;0,006;766
202002;TRA;TRANSAVIA PAYS BAS;E;PAYS-BAS;17452;0,9;17461;0,014;0;0,014;140
202002;TSC;AIR TRANSAT;E;CANADA;31191;14,9;31340;0,157;0,0001;0,158;108
202002;TVF;TRANSAVIA FRANCE;F;FRANCE;442425;25,7;442682;0,752;0,0001;0,753;2576
202002;TVS;TRAVEL SERVICE / SMARTWINGS;E;TCHEQUIE;10961;0;10961;0,032;0;0,032;107
202002;UAE;EMIRATES;E;EMIRATS ARABES UNIS;121443;4043,2;161875;0,622;0,0208;0,83;290
202002;UAL;UNITED AIRLINES;E;ETATS-UNIS;43149;4554,8;88697;0,29;0,0305;0,595;229
202002;UPS;UPS AIRLINES;E;ETATS-UNIS;0;3164;31640;0;0,0053;0,053;82
202002;VLG;VUELING AIRLINES;E;ESPAGNE;327597;333,9;330936;0,327;0,0003;0,33;2131
202002;VOE;VOLOTEA;E;ESPAGNE;114884;3,4;114918;0,126;0;0,126;883
202002;VTA;AIR TAHITI;F;FRANCE (OM);55291;114,9;56440;0,019;0,0001;0,02;1814
202002;WZZ;WIZZ AIR;E;HONGRIE;130812;0;130812;0,189;0;0,189;767
202002;ZZE; AUTRES CIE (E);E;_ZZ_E;252878;5912,9;312007;0,634;0,0229;0,863;12644
202002;ZZF; AUTRES CIE (F);F;_ZZ_F;24994;182,5;26819;0,028;0,0001;0,029;4409
202003;AAL;AMERICAN AIRLINES;E;ETATS-UNIS;22320;2000,9;42329;0,153;0,0139;0,292;138
202003;ABR;ASL AIRLINES IRELAND;E;IRLANDE;0;1302,6;13026;0;0,0011;0,011;474
202003;ABW;AIRBRIDGE CARGO AIRLINES;E;RUSSIE (FED. DE);0;4263,3;42633;0;0,0201;0,201;27
202003;ACA;AIR CANADA;E;CANADA;25746;1507,4;40820;0,147;0,0086;0,233;112
202003;ACI;AIRCALIN;F;FRANCE (OM);18639;292,1;21560;0,078;0,0014;0,092;216
202003;AEA;AIR EUROPA;E;ESPAGNE;43619;52,9;44148;0,053;0,0001;0,054;350
202003;AEE;AEGEAN AIRLINES;E;GRECE;10444;87,6;11320;0,021;0,0002;0,023;106
202003;AFL;AEROFLOT;E;RUSSIE (FED. DE);29350;424,7;33597;0,077;0,001;0,087;320
202003;AFR;AIR FRANCE;F;FRANCE;1806583;36176,2;2168345;6,078;0,2634;8,712;18007
202003;AMX;AEROMEXICO;E;MEXIQUE;12842;684,8;19690;0,118;0,0063;0,181;64
202003;ANA;ANA ALL NIPPON AIRWAYS;E;JAPON;4661;1135,1;16012;0,045;0,011;0,155;50
202003;ANE;AIR NOSTRUM;E;ESPAGNE;31388;0;31388;0,023;0;0,023;551
202003;AUA;AUSTRIAN AIRLINES;E;AUTRICHE;16991;43,3;17424;0,016;0;0,016;234
202003;AWC;TITAN AIRWAYS;E;ROYAUME-UNI;9984;3;10014;0,01;0;0,01;71
202003;AZA;ALITALIA;E;ITALIE;18967;38,1;19348;0,023;0;0,023;344
202003;BAW;BRITISH AIRWAYS;E;ROYAUME-UNI;94363;518,3;99546;0,071;0,0002;0,073;1156
202003;BCS;EAT/EUROPEAN AIR TRANSP;E;ALLEMAGNE;0;9769,9;97699;0;0,008;0,08;694
202003;BEL;BRUSSELS AIRLINES;E;BELGIQUE;31710;3,2;31742;0,02;0;0,02;370
202003;BGA;AIRBUS TRANSPORT INTL;F;FRANCE;0;3675,5;36755;0;0,0034;0,034;193
202003;BOS;LEVEL (OPENSKIES);F;FRANCE;23187;68,1;23868;0,155;0,0005;0,16;100
202003;CCA;AIR CHINA INTL;E;CHINE;5473;2855,6;34029;0,045;0,0234;0,279;36
202003;CCM;AIR CORSICA;F;FRANCE;54863;105,4;55917;0,03;0,0001;0,031;838
202003;CES;CHINA EASTERN AIRLINES;E;CHINE;12167;2975,9;41926;0,113;0,0276;0,389;56
202003;CPA;CATHAY PACIFIC;E;HONG KONG (CHINE);4423;2930,5;33728;0,042;0,0281;0,323;38
202003;CRL;CORSAIR;F;FRANCE;68870;1633,5;85205;0,486;0,0112;0,598;231
202003;CSN;CHINA SOUTHERN AIRLINES;E;CHINE;2305;1008,9;12394;0,022;0,0096;0,118;20
202003;DAH;AIR ALGERIE;E;ALGERIE;125870;1941;145280;0,152;0,0026;0,178;1055
202003;DAL;DELTA AIR LINES;E;ETATS-UNIS;47592;3743,1;85023;0,333;0,0261;0,594;306
202003;DLH;LUFTHANSA;E;ALLEMAGNE;106164;1584,7;122011;0,069;0,0009;0,078;1612
202003;EIN;AER LINGUS;E;IRLANDE;28745;76,4;29509;0,026;0,0001;0,027;453
202003;EJU;EASYJET EUROPE;E;AUTRICHE;492695;0,1;492696;0,473;0;0,473;4572
202003;ELY;EL AL;E;ISRAEL;8821;574,3;14564;0,029;0,0019;0,048;64
202003;ETD;ETIHAD AIRWAYS;E;EMIRATS ARABES UNIS;23451;2210;45551;0,123;0,0116;0,239;106
202003;ETH;ETHIOPIAN AIRLINES;E;ETHIOPIE;11851;813,9;19990;0,066;0,0045;0,111;69
202003;EVA;EVA AIR;E;TAIWAN;6675;2041,3;27088;0,065;0,02;0,265;44
202003;EWG;EUROWINGS;E;ALLEMAGNE;14132;0;14132;0,009;0;0,009;342
202003;EXS;JET2.COM;E;ROYAUME-UNI;15636;0;15636;0,015;0;0,015;116
202003;EZS;EASYJET SWITZERLAND;E;SUISSE;147653;0;147653;0,148;0;0,148;1424
202003;EZY;EASYJET R-U;E;ROYAUME-UNI;162580;0;162580;0,12;0;0,12;1666
202003;FBU;FRENCH BEE;F;FRANCE;20227;725,7;27484;0,197;0,0072;0,269;72
202003;FDX;FEDEX EXPRESS;E;ETATS-UNIS;0;34722,6;347226;0;0,1208;1,208;1163
202003;FIN;FINNAIR;E;FINLANDE;20833;229,8;23131;0,04;0,0004;0,044;242
202003;FPO;ASL AIRLINES FRANCE;F;FRANCE;8206;3064,8;38854;0,022;0,0032;0,054;209
202003;FWI;AIR CARAIBES;F;FRANCE (OM);106441;1146,6;117907;0,649;0,0078;0,727;675
202003;GUY;CAIRE - AIR GUYANE EXPRESS;F;FRANCE (OM);17455;76,9;18224;0,005;0;0,005;1235
202003;HVN;VIETNAM AIRLINES;E;VIETNAM;8903;1062,5;19528;0,084;0,01;0,184;48
202003;IBE;IBERIA;E;ESPAGNE;26035;20,6;26241;0,027;0;0,027;237
202003;IBS;IBERIA EXPRESS;E;ESPAGNE;20637;53,5;21172;0,019;0,0001;0,02;195
202003;JAF;TUIFLY BELGIUM;E;BELGIQUE;20224;2,8;20252;0,04;0;0,04;158
202003;JAL;JAPAN AIRLINES;E;JAPON;7577;1034,9;17926;0,074;0,0101;0,175;44
202003;KAL;KOREAN AIR;E;COREE DU SUD;8092;2438,2;32474;0,072;0,0218;0,29;71
202003;KLC;KLM/CITYHOPPER;E;PAYS-BAS;17003;0,4;17007;0,015;0;0,015;287
202003;KLM;KLM;E;PAYS-BAS;53623;456,5;58188;0,033;0,0002;0,035;675
202003;KQA;KENYA AIRWAYS;E;KENYA;8893;553;14423;0,049;0,0036;0,085;71
202003;LBT;NOUVELAIR;E;TUNISIE;30048;11,7;30165;0,041;0;0,041;231
202003;MAC;AIR ARABIA MAROC;E;MAROC;17936;4,4;17980;0,028;0;0,028;170
202003;MAU;AIR MAURITIUS;E;MAURICE;30182;1014,2;40324;0,124;0,0074;0,198;269
202003;MEA;MIDDLE EAST AIRLINES;E;LIBAN;11231;374,8;14979;0,036;0,0012;0,048;70
202003;MNB;MNG AIRLINES;E;TURQUIE;0;2337,5;23375;0;0,0029;0,029;40
202003;MSR;EGYPT AIR;E;EGYPTE;8032;566,1;13693;0,026;0,0018;0,044;52
202003;NAX;NORWEGIAN;E;NORVEGE;30993;911,7;40110;0,156;0,0072;0,228;231
202003;NPT;ATLANTIC AIRLINES UK;E;ROYAUME-UNI;0;1291,3;12913;0;0,0007;0,007;109
202003;OMA;OMAN AIR;E;OMAN;7780;716,6;14946;0,043;0,004;0,083;46
202003;PGT;PEGASUS;E;TURQUIE;27786;27,9;28065;0,057;0,0001;0,058;194
202003;QTR;QATAR AIRWAYS;E;QATAR;46757;5140,2;98159;0,232;0,0268;0,5;332
202003;RAM;ROYAL AIR MAROC;E;MAROC;50846;232,7;53173;0,092;0,0004;0,096;474
202003;REU;AIR AUSTRAL;F;FRANCE (OM);64301;1188,3;76184;0,281;0,0095;0,376;429
202003;RYR;RYANAIR;E;IRLANDE;331687;6,9;331756;0,368;0;0,368;3146
202003;SAS;SAS;E;SUEDE;16851;142,2;18273;0,024;0,0002;0,026;221
202003;SIA;SINGAPORE AIRLINES;E;SINGAPOUR;6237;1043;16667;0,067;0,0112;0,179;42
202003;SRR;STAR AIR DANEMARK;E;DANEMARK;0;4760,6;47606;0;0,0027;0,027;223
202003;SVA;SAUDIA;E;ARABIE SAOUDITE;6303;898,7;15290;0,029;0,0041;0,07;52
202003;SWR;SWISS;E;SUISSE;19398;374,8;23146;0,009;0,0002;0,011;225
202003;SZN;AIR SENEGAL;E;SENEGAL;10272;283,4;13106;0,043;0,0012;0,055;55
202003;TAM;TAM/BRASIL;E;BRESIL;9774;1451,4;24288;0,092;0,0137;0,229;34
202003;TAP;TAP AIR PORTUGAL;E;PORTUGAL;59567;80,1;60368;0,08;0,0001;0,081;651
202003;TAR;TUNISAIR;E;TUNISIE;41660;177,5;43435;0,054;0,0003;0,057;373
202003;TAY;ASL AIRLINES BELGIUM;E;BELGIQUE;0;2288,6;22886;0;0,0015;0,015;406
202003;THA;THAI AIRWAYS INTL;E;THAILANDE;17274;793,1;25205;0,163;0,0075;0,238;84
202003;THT;AIR TAHITI NUI;F;FRANCE (OM);14837;712,8;21965;0,123;0,007;0,193;108
202003;THY;TURKISH AIRLINES;E;TURQUIE;61872;2112;82992;0,13;0,0047;0,177;527
202003;TOM;TUI AIRWAYS;E;ROYAUME-UNI;14289;7,1;14360;0,013;0;0,013;83
202003;TPC;AIR CALEDONIE;F;FRANCE (OM);18613;76,2;19375;0,003;0;0,003;478
202003;TRA;TRANSAVIA PAYS BAS;E;PAYS-BAS;10047;0,6;10053;0,008;0;0,008;122
202003;TSC;AIR TRANSAT;E;CANADA;21852;37,1;22223;0,111;0,0002;0,113;102
202003;TVF;TRANSAVIA FRANCE;F;FRANCE;218868;5,7;218925;0,36;0;0,36;1465
202003;UAE;EMIRATES;E;EMIRATS ARABES UNIS;71163;3211,8;103281;0,364;0,0165;0,529;218
202003;UAL;UNITED AIRLINES;E;ETATS-UNIS;20215;2483,1;45046;0,138;0,0168;0,306;144
202003;UPS;UPS AIRLINES;E;ETATS-UNIS;0;2557,5;25575;0;0,004;0,04;84
202003;VLG;VUELING AIRLINES;E;ESPAGNE;127598;182;129418;0,128;0,0002;0,13;1104
202003;VOE;VOLOTEA;E;ESPAGNE;54679;2,6;54705;0,059;0;0,059;532
202003;VTA;AIR TAHITI;F;FRANCE (OM);37676;91,9;38595;0,014;0,0001;0,015;1384
202003;WZZ;WIZZ AIR;E;HONGRIE;63469;0;63469;0,091;0;0,091;568
202003;XRC;EXPRESS AIR CARGO;E;TUNISIE;0;1060,2;10602;0;0,0016;0,016;41
202003;ZZE; AUTRES CIE (E);E;_ZZ_E;257180;4364,4;300824;0,603;0,0198;0,801;9279
202003;ZZF; AUTRES CIE (F);F;_ZZ_F;17915;375;21665;0,015;0,0017;0,032;3258
202004;ABW;AIRBRIDGE CARGO AIRLINES;E;RUSSIE (FED. DE);0;4778,3;47783;0;0,0202;0,202;28
202004;ACA;AIR CANADA;E;CANADA;1815;1023,8;12053;0,01;0,0057;0,067;54
202004;AFR;AIR FRANCE;F;FRANCE;77855;13740,6;215261;0,315;0,1055;1,37;1217
202004;BCS;EAT/EUROPEAN AIR TRANSP;E;ALLEMAGNE;0;7658,4;76584;0;0,0063;0,063;571
202004;BGA;AIRBUS TRANSPORT INTL;F;FRANCE;0;2027,6;20276;0;0,002;0,02;123
202004;CCA;AIR CHINA INTL;E;CHINE;1170;971,8;10888;0,01;0,0081;0,091;14
202004;CES;CHINA EASTERN AIRLINES;E;CHINE;1996;2558;27576;0,019;0,0237;0,256;48
202004;CPA;CATHAY PACIFIC;E;HONG KONG (CHINE);55;1714,2;17197;0,001;0,0164;0,165;17
202004;CSN;CHINA SOUTHERN AIRLINES;E;CHINE;1180;1049,1;11671;0,011;0,0099;0,11;22
202004;DLH;LUFTHANSA;E;ALLEMAGNE;4613;632,1;10934;0,002;0,0004;0,006;129
202004;ETH;ETHIOPIAN AIRLINES;E;ETHIOPIE;1189;925,4;10443;0,007;0,0052;0,059;34
202004;EVA;EVA AIR;E;TAIWAN;395;1183,4;12229;0,004;0,0116;0,12;22
202004;FDX;FEDEX EXPRESS;E;ETATS-UNIS;7;30320,4;303211;0;0,1204;1,204;1028
202004;KAL;KOREAN AIR;E;COREE DU SUD;1484;1805,3;19537;0,013;0,0161;0,174;53
202004;QTR;QATAR AIRWAYS;E;QATAR;11151;5410,7;65258;0,056;0,0295;0,351;304
202004;SRR;STAR AIR DANEMARK;E;DANEMARK;0;4586,2;45862;0;0,0027;0,027;227
202004;TAY;ASL AIRLINES BELGIUM;E;BELGIQUE;0;2199,9;21999;0;0,0014;0,014;336
202004;UAE;EMIRATES;E;EMIRATS ARABES UNIS;474;1568,5;16159;0,002;0,0082;0,084;58
202004;UPS;UPS AIRLINES;E;ETATS-UNIS;0;2317,3;23173;0;0,0038;0,038;88
202004;ZZE; AUTRES CIE (E);E;_ZZ_E;34124;6983,5;103959;0,087;0,0299;0,386;2281
202004;ZZF; AUTRES CIE (F);F;_ZZ_F;8853;1134,9;20202;0,039;0,0071;0,11;1491
202005;ABW;AIRBRIDGE CARGO AIRLINES;E;RUSSIE (FED. DE);0;8066,3;80663;0;0,0362;0,362;44
202005;ACA;AIR CANADA;E;CANADA;2687;1422;16907;0,015;0,0079;0,094;64
202005;AFR;AIR FRANCE;F;FRANCE;137230;16392,9;301159;0,408;0,123;1,638;1721
202005;BCS;EAT/EUROPEAN AIR TRANSP;E;ALLEMAGNE;0;7960,9;79609;0;0,0066;0,066;524
202005;BGA;AIRBUS TRANSPORT INTL;F;FRANCE;0;2552,9;25529;0;0,0025;0,025;132
202005;CCA;AIR CHINA INTL;E;CHINE;1235;934,1;10576;0,01;0,0078;0,088;15
202005;CES;CHINA EASTERN AIRLINES;E;CHINE;2152;5732,5;59477;0,02;0,0523;0,543;106
202005;CPA;CATHAY PACIFIC;E;HONG KONG (CHINE);0;4360,5;43605;0;0,0417;0,417;55
202005;CSN;CHINA SOUTHERN AIRLINES;E;CHINE;1144;3429,5;35439;0,011;0,0322;0,333;72
202005;DAL;DELTA AIR LINES;E;ETATS-UNIS;3411;1046,2;13873;0,024;0,0074;0,098;42
202005;DLH;LUFTHANSA;E;ALLEMAGNE;7599;501,8;12617;0,003;0,0002;0,005;126
202005;ETH;ETHIOPIAN AIRLINES;E;ETHIOPIE;1472;1731,7;18789;0,008;0,0097;0,105;54
202005;FDX;FEDEX EXPRESS;E;ETATS-UNIS;0;42689,1;426891;0;0,173;1,73;1059
202005;KAL;KOREAN AIR;E;COREE DU SUD;1450;1096,2;12412;0,013;0,0098;0,111;57
202005;MNB;MNG AIRLINES;E;TURQUIE;0;1227,2;12272;0;0,002;0,02;21
202005;QTR;QATAR AIRWAYS;E;QATAR;3441;5226,4;55705;0,017;0,0267;0,284;379
202005;REU;AIR AUSTRAL;F;FRANCE (OM);6095;719,7;13292;0,047;0,0053;0,1;73
202005;SRR;STAR AIR DANEMARK;E;DANEMARK;0;5936;59360;0;0,0036;0,036;243
202005;TAP;TAP AIR PORTUGAL;E;PORTUGAL;1140;921,7;10357;0,002;0,0014;0,016;14
202005;TAY;ASL AIRLINES BELGIUM;E;BELGIQUE;0;1976,6;19766;0;0,0013;0,013;295
202005;THY;TURKISH AIRLINES;E;TURQUIE;0;1140,9;11409;0;0,0025;0,025;38
202005;TPC;AIR CALEDONIE;F;FRANCE (OM);10587;70,3;11290;0,002;0;0,002;313
202005;UAE;EMIRATES;E;EMIRATS ARABES UNIS;454;1847,6;18930;0,002;0,0097;0,099;65
202005;UPS;UPS AIRLINES;E;ETATS-UNIS;0;2916,4;29164;0;0,0036;0,036;87
202005;VDA;VOLGA DNEPR AIRLINES;E;RUSSIE (FED. DE);0;1061,7;10617;0;0,0057;0,057;18
202005;XRC;EXPRESS AIR CARGO;E;TUNISIE;0;1517,9;15179;0;0,0022;0,022;54
202005;ZZE; AUTRES CIE (E);E;_ZZ_E;53573;10969,3;163266;0,14;0,0607;0,747;3426
202005;ZZF; AUTRES CIE (F);F;_ZZ_F;18141;1940,3;37544;0,038;0,0125;0,163;2519
202006;ABW;AIRBRIDGE CARGO AIRLINES;E;RUSSIE (FED. DE);0;4569,2;45692;0;0,0148;0,148;24
202006;ACA;AIR CANADA;E;CANADA;4120;1446,8;18588;0,023;0,008;0,103;62
202006;AFR;AIR FRANCE;F;FRANCE;492403;20969,3;702096;0,98;0,1587;2,567;4736
202006;BCS;EAT/EUROPEAN AIR TRANSP;E;ALLEMAGNE;2;8961,7;89619;0;0,0078;0,078;589
202006;BGA;AIRBUS TRANSPORT INTL;F;FRANCE;0;2593,8;25938;0;0,0023;0,023;136
202006;CCA;AIR CHINA INTL;E;CHINE;2168;4351,8;45686;0,018;0,0368;0,386;53
202006;CCM;AIR CORSICA;F;FRANCE;40443;71,4;41157;0,018;0;0,018;707
202006;CES;CHINA EASTERN AIRLINES;E;CHINE;1861;4040,7;42268;0,017;0,0374;0,391;74
202006;CPA;CATHAY PACIFIC;E;HONG KONG (CHINE);0;2519,9;25199;0;0,024;0,24;18
202006;CRL;CORSAIR;F;FRANCE;8094;570,4;13798;0,061;0,0043;0,104;68
202006;CSN;CHINA SOUTHERN AIRLINES;E;CHINE;1666;2441,4;26080;0,016;0,0229;0,245;52
202006;DAL;DELTA AIR LINES;E;ETATS-UNIS;5684;1209,1;17775;0,039;0,0081;0,12;70
202006;DLH;LUFTHANSA;E;ALLEMAGNE;21401;543,7;26838;0,012;0,0003;0,015;278
202006;EJU;EASYJET EUROPE;E;AUTRICHE;13319;0;13319;0,009;0;0,009;129
202006;ETD;ETIHAD AIRWAYS;E;EMIRATS ARABES UNIS;1298;2404,5;25343;0,007;0,0126;0,133;60
202006;ETH;ETHIOPIAN AIRLINES;E;ETHIOPIE;1211;1692,3;18134;0,007;0,0095;0,102;54
202006;EVA;EVA AIR;E;TAIWAN;1096;1024,6;11342;0,011;0,01;0,111;18
202006;FDX;FEDEX EXPRESS;E;ETATS-UNIS;0;48217,6;482176;0;0,1699;1,699;1156
202006;FPO;ASL AIRLINES FRANCE;F;FRANCE;4765;2087,5;25640;0,006;0,0016;0,022;246
202006;FWI;AIR CARAIBES;F;FRANCE (OM);22842;545,5;28297;0,089;0,0036;0,125;348
202006;KAL;KOREAN AIR;E;COREE DU SUD;1766;1598,6;17752;0,016;0,0143;0,159;52
202006;KLM;KLM;E;PAYS-BAS;9019;186,2;10881;0,005;0,0001;0,006;170
202006;NPT;ATLANTIC AIRLINES UK;E;ROYAUME-UNI;4;1336,2;13366;0;0,0008;0,008;164
202006;QTR;QATAR AIRWAYS;E;QATAR;6306;5702,5;63331;0,031;0,0282;0,313;313
202006;REU;AIR AUSTRAL;F;FRANCE (OM);13367;953,1;22898;0,11;0,0075;0,185;81
202006;SRR;STAR AIR DANEMARK;E;DANEMARK;0;7317,9;73179;0;0,0045;0,045;297
202006;TAP;TAP AIR PORTUGAL;E;PORTUGAL;1630;1050,8;12138;0,002;0,0015;0,017;16
202006;TAY;ASL AIRLINES BELGIUM;E;BELGIQUE;0;2693,4;26934;0;0,0026;0,026;376
202006;THY;TURKISH AIRLINES;E;TURQUIE;12650;2354;36190;0,027;0,0052;0,079;128
202006;TPC;AIR CALEDONIE;F;FRANCE (OM);26431;111,2;27543;0,004;0;0,004;604
202006;TVF;TRANSAVIA FRANCE;F;FRANCE;29598;1;29608;0,042;0;0,042;246
202006;UAE;EMIRATES;E;EMIRATS ARABES UNIS;3055;1957,4;22629;0,016;0,0103;0,119;70
202006;UAL;UNITED AIRLINES;E;ETATS-UNIS;995;969;10685;0,006;0,0057;0,063;22
202006;UPS;UPS AIRLINES;E;ETATS-UNIS;0;3334,3;33343;0;0,0045;0,045;85
202006;VDA;VOLGA DNEPR AIRLINES;E;RUSSIE (FED. DE);14;1446,1;14475;0;0,0065;0,065;24
202006;VOE;VOLOTEA;E;ESPAGNE;36707;0;36707;0,031;0;0,031;340
202006;VTA;AIR TAHITI;F;FRANCE (OM);22289;63,9;22928;0,008;0;0,008;742
202006;WZZ;WIZZ AIR;E;HONGRIE;31272;0;31272;0,041;0;0,041;356
202006;XRC;EXPRESS AIR CARGO;E;TUNISIE;0;1430,4;14304;0;0,0022;0,022;50
202006;ZZE; AUTRES CIE (E);E;_ZZ_E;129227;8997,4;219201;0,234;0,0369;0,603;7255
202006;ZZF; AUTRES CIE (F);F;_ZZ_F;26798;1296,2;39760;0,086;0,009;0,176;3730
202007;AAL;AMERICAN AIRLINES;E;ETATS-UNIS;2191;809,4;10285;0,017;0,0064;0,081;60
202007;ABR;ASL AIRLINES IRELAND;E;IRLANDE;0;1335,1;13351;0;0,0011;0,011;428
202007;ACA;AIR CANADA;E;CANADA;8089;1261,2;20701;0,045;0,007;0,115;62
202007;AEA;AIR EUROPA;E;ESPAGNE;43741;100;44741;0,059;0,0005;0,064;312
202007;AEE;AEGEAN AIRLINES;E;GRECE;27645;84,3;28488;0,058;0,0002;0,06;271
202007;AFR;AIR FRANCE;F;FRANCE;1349488;26246,2;1611950;2,52;0,1914;4,434;12463
202007;AUA;AUSTRIAN AIRLINES;E;AUTRICHE;19091;42,4;19515;0,018;0;0,018;210
202007;AZA;ALITALIA;E;ITALIE;24128;19,2;24320;0,022;0;0,022;214
202007;BAW;BRITISH AIRWAYS;E;ROYAUME-UNI;41033;273,1;43764;0,035;0,0001;0,036;385
202007;BCS;EAT/EUROPEAN AIR TRANSP;E;ALLEMAGNE;12;10028,4;100296;0;0,0087;0,087;659
202007;BEL;BRUSSELS AIRLINES;E;BELGIQUE;27199;1,4;27213;0,021;0;0,021;226
202007;BGA;AIRBUS TRANSPORT INTL;F;FRANCE;0;1973,7;19737;0;0,0018;0,018;114
202007;BTI;AIR BALTIC;E;LETTONIE;9625;102,6;10651;0,017;0,0002;0,019;108
202007;CCA;AIR CHINA INTL;E;CHINE;1840;2451,2;26352;0,015;0,0201;0,216;32
202007;CCM;AIR CORSICA;F;FRANCE;187351;169,7;189048;0,118;0,0001;0,119;2146
202007;CES;CHINA EASTERN AIRLINES;E;CHINE;1527;2504,4;26571;0,014;0,0232;0,246;45
202007;CPA;CATHAY PACIFIC;E;HONG KONG (CHINE);2;2482,9;24831;0;0,0192;0,192;16
202007;CRL;CORSAIR;F;FRANCE;40661;1129,2;51953;0,296;0,0083;0,379;166
202007;DAL;DELTA AIR LINES;E;ETATS-UNIS;13416;3089,7;44313;0,088;0,0199;0,287;167
202007;DLH;LUFTHANSA;E;ALLEMAGNE;77630;1307;90700;0,049;0,0007;0,056;763
202007;EJU;EASYJET EUROPE;E;AUTRICHE;391832;0;391832;0,353;0;0,353;2818
202007;ETD;ETIHAD AIRWAYS;E;EMIRATS ARABES UNIS;4039;2505;29089;0,021;0,0132;0,153;72
202007;ETH;ETHIOPIAN AIRLINES;E;ETHIOPIE;4131;1698,8;21119;0,023;0,0093;0,116;86
202007;EVA;EVA AIR;E;TAIWAN;940;1157,1;12511;0,009;0,0113;0,122;20
202007;EZS;EASYJET SWITZERLAND;E;SUISSE;175799;0;175799;0,16;0;0,16;1395
202007;EZY;EASYJET R-U;E;ROYAUME-UNI;30323;0;30323;0,025;0;0,025;268
202007;FBU;FRENCH BEE;F;FRANCE;21819;662,2;28441;0,212;0,0062;0,274;69
202007;FDX;FEDEX EXPRESS;E;ETATS-UNIS;0;46673,3;466733;0;0,1622;1,622;1194
202007;FPO;ASL AIRLINES FRANCE;F;FRANCE;12579;2594,2;38521;0,018;0,0023;0,041;302
202007;FWI;AIR CARAIBES;F;FRANCE (OM);82694;1321,4;95908;0,438;0,009;0,528;675
202007;GUY;CAIRE - AIR GUYANE EXPRESS;F;FRANCE (OM);19864;95,3;20817;0,005;0;0,005;1183
202007;IBE;IBERIA;E;ESPAGNE;14276;38,4;14660;0,015;0;0,015;114
202007;JAF;TUIFLY BELGIUM;E;BELGIQUE;10414;0;10414;0,016;0;0,016;116
202007;KAL;KOREAN AIR;E;COREE DU SUD;2936;1666,8;19604;0,026;0,0149;0,175;54
202007;KLM;KLM;E;PAYS-BAS;45052;311;48162;0,031;0,0001;0,032;406
202007;LBT;NOUVELAIR;E;TUNISIE;27294;13,9;27433;0,039;0;0,039;261
202007;LGL;LUXAIR;E;LUXEMBOURG;12010;0,4;12014;0,009;0;0,009;230
202007;MAC;AIR ARABIA MAROC;E;MAROC;27852;6,9;27921;0,044;0;0,044;203
202007;MNB;MNG AIRLINES;E;TURQUIE;0;1051,9;10519;0;0,0015;0,015;18
202007;NPT;ATLANTIC AIRLINES UK;E;ROYAUME-UNI;28;1611;16138;0;0,0009;0,009;175
202007;PGT;PEGASUS;E;TURQUIE;16202;1,5;16217;0,034;0;0,034;169
202007;QTR;QATAR AIRWAYS;E;QATAR;9367;7128,1;80648;0,047;0,0352;0,399;285
202007;RAM;ROYAL AIR MAROC;E;MAROC;31134;296,4;34098;0,057;0,0006;0,063;243
202007;REU;AIR AUSTRAL;F;FRANCE (OM);36846;1325,6;50102;0,295;0,0112;0,407;150
202007;RYR;RYANAIR;E;IRLANDE;253176;7,1;253247;0,269;0;0,269;2413
202007;SAS;SAS;E;SUEDE;19603;0;19603;0,032;0;0,032;168
202007;SOP;SOLINAIR;E;SLOVENIE;0;1049,9;10499;0;0,0006;0,006;39
202007;SRR;STAR AIR DANEMARK;E;DANEMARK;0;7052,2;70522;0;0,0043;0,043;293
202007;SWR;SWISS;E;SUISSE;18636;95,4;19590;0,008;0;0,008;142
202007;SXS;SUNEXPRESS;E;TURQUIE;16646;0;16646;0,038;0;0,038;158
202007;TAP;TAP AIR PORTUGAL;E;PORTUGAL;13283;41,6;13699;0,019;0,0001;0,02;183
202007;TAR;TUNISAIR;E;TUNISIE;56073;224,7;58320;0,071;0,0003;0,074;589
202007;TAY;ASL AIRLINES BELGIUM;E;BELGIQUE;2;2136,4;21366;0;0,0022;0,022;343
202007;THT;AIR TAHITI NUI;F;FRANCE (OM);8891;592,9;14820;0,126;0,0069;0,195;111
202007;THY;TURKISH AIRLINES;E;TURQUIE;42616;3144,3;74059;0,092;0,007;0,162;403
202007;TPC;AIR CALEDONIE;F;FRANCE (OM);26381;115,3;27534;0,004;0;0,004;621
202007;TRA;TRANSAVIA PAYS BAS;E;PAYS-BAS;10525;0;10525;0,01;0;0,01;74
202007;TUI;TUIFLY;E;ALLEMAGNE;11437;0;11437;0,022;0;0,022;101
202007;TVF;TRANSAVIA FRANCE;F;FRANCE;305231;0;305231;0,469;0;0,469;2525
202007;UAE;EMIRATES;E;EMIRATS ARABES UNIS;10881;2264,2;33523;0,057;0,0119;0,176;98
202007;UAL;UNITED AIRLINES;E;ETATS-UNIS;1628;883,5;10463;0,01;0,0052;0,062;26
202007;UPS;UPS AIRLINES;E;ETATS-UNIS;0;3440,1;34401;0;0,0051;0,051;90
202007;VLG;VUELING AIRLINES;E;ESPAGNE;57993;24,7;58240;0,053;0;0,053;702
202007;VOE;VOLOTEA;E;ESPAGNE;260632;1;260642;0,227;0;0,227;2139
202007;VTA;AIR TAHITI;F;FRANCE (OM);51253;110,7;52360;0,019;0,0001;0,02;1340
202007;WZZ;WIZZ AIR;E;HONGRIE;103817;0;103817;0,145;0;0,145;894
202007;ZZE; AUTRES CIE (E);E;_ZZ_E;188751;7315;261901;0,4;0,0365;0,765;12941
202007;ZZF; AUTRES CIE (F);F;_ZZ_F;19170;516,5;24335;0,029;0,0015;0,044;4611
202008;AAL;AMERICAN AIRLINES;E;ETATS-UNIS;2320;866;10980;0,018;0,0069;0,087;62
202008;ABR;ASL AIRLINES IRELAND;E;IRLANDE;0;1003,1;10031;0;0,0008;0,008;406
202008;ACA;AIR CANADA;E;CANADA;8460;1144,6;19906;0,047;0,0063;0,11;62
202008;ACI;AIRCALIN;F;FRANCE (OM);8641;402,6;12667;0,041;0,0024;0,065;220
202008;AEA;AIR EUROPA;E;ESPAGNE;49134;147,6;50610;0,064;0,0006;0,07;362
202008;AEE;AEGEAN AIRLINES;E;GRECE;58189;105,6;59245;0,123;0,0002;0,125;456
202008;AFR;AIR FRANCE;F;FRANCE;1716796;32654;2043336;3,409;0,2414;5,823;16331
202008;AMC;AIR MALTA;E;MALTE;12236;22;12456;0,019;0;0,019;90
202008;ANE;AIR NOSTRUM;E;ESPAGNE;17954;0;17954;0,014;0;0,014;342
202008;AUA;AUSTRIAN AIRLINES;E;AUTRICHE;23736;38,9;24125;0,022;0;0,022;254
202008;AZA;ALITALIA;E;ITALIE;27768;23,4;28002;0,023;0;0,023;294
202008;BAW;BRITISH AIRWAYS;E;ROYAUME-UNI;70221;122,7;71448;0,064;0;0,064;700
202008;BCS;EAT/EUROPEAN AIR TRANSP;E;ALLEMAGNE;7;8970;89707;0;0,0076;0,076;649
202008;BEL;BRUSSELS AIRLINES;E;BELGIQUE;27379;5,8;27437;0,019;0;0,019;278
202008;BGA;AIRBUS TRANSPORT INTL;F;FRANCE;0;1831,9;18319;0;0,0017;0,017;98
202008;CCA;AIR CHINA INTL;E;CHINE;1453;3810,8;39561;0,012;0,0312;0,324;45
202008;CCM;AIR CORSICA;F;FRANCE;216195;161,9;217814;0,13;0,0001;0,131;2343
202008;CES;CHINA EASTERN AIRLINES;E;CHINE;2389;2184,8;24237;0,022;0,0203;0,225;39
202008;CPA;CATHAY PACIFIC;E;HONG KONG (CHINE);8;1735,6;17364;0;0,0149;0,149;16
202008;CRL;CORSAIR;F;FRANCE;53817;1279,2;66609;0,383;0,0092;0,475;221
202008;DAL;DELTA AIR LINES;E;ETATS-UNIS;15833;3635,1;52184;0,103;0,0235;0,338;184
202008;DLH;LUFTHANSA;E;ALLEMAGNE;86891;1290,2;99793;0,056;0,0007;0,063;893
202008;EJU;EASYJET EUROPE;E;AUTRICHE;731200;0;731200;0,707;0;0,707;5324
202008;ETD;ETIHAD AIRWAYS;E;EMIRATS ARABES UNIS;3553;2560,3;29156;0,019;0,0135;0,154;68
202008;ETH;ETHIOPIAN AIRLINES;E;ETHIOPIE;6899;1876,9;25668;0,038;0,0104;0,142;83
202008;EVA;EVA AIR;E;TAIWAN;1597;1132,4;12921;0,016;0,0111;0,127;24
202008;EZS;EASYJET SWITZERLAND;E;SUISSE;306989;0;306989;0,26;0;0,26;2284
202008;EZY;EASYJET R-U;E;ROYAUME-UNI;109510;0;109510;0,096;0;0,096;1350
202008;FBU;FRENCH BEE;F;FRANCE;29756;875,4;38510;0,293;0,0084;0,377;97
202008;FDX;FEDEX EXPRESS;E;ETATS-UNIS;0;41817,1;418171;0;0,1487;1,487;1081
202008;FPO;ASL AIRLINES FRANCE;F;FRANCE;17375;2569,3;43068;0,025;0,0024;0,049;325
202008;FWI;AIR CARAIBES;F;FRANCE (OM);111592;1409,2;125684;0,617;0,0096;0,713;778
202008;GUY;CAIRE - AIR GUYANE EXPRESS;F;FRANCE (OM);24861;86;25721;0,006;0;0,006;1370
202008;IBE;IBERIA;E;ESPAGNE;28758;15,4;28912;0,03;0;0,03;263
202008;JAF;TUIFLY BELGIUM;E;BELGIQUE;14240;0;14240;0,025;0;0,025;130
202008;JAL;JAPAN AIRLINES;E;JAPON;1539;1029,5;11834;0,015;0,01;0,115;30
202008;KAL;KOREAN AIR;E;COREE DU SUD;3087;1577,5;18862;0,028;0,0141;0,169;54
202008;KLC;KLM/CITYHOPPER;E;PAYS-BAS;18925;0;18925;0,016;0;0,016;268
202008;KLM;KLM;E;PAYS-BAS;77846;392,2;81768;0,06;0,0002;0,062;819
202008;LBT;NOUVELAIR;E;TUNISIE;41932;3,9;41971;0,061;0;0,061;393
202008;LGL;LUXAIR;E;LUXEMBOURG;14177;0;14177;0,011;0;0,011;226
202008;LOT;LOT POLISH AIRLINES;E;POLOGNE;10982;90,2;11884;0,015;0,0001;0,016;98
202008;MAC;AIR ARABIA MAROC;E;MAROC;31499;39;31889;0,051;0,0001;0,052;346
202008;NPT;ATLANTIC AIRLINES UK;E;ROYAUME-UNI;30;1497,8;15008;0;0,0008;0,008;169
202008;PGT;PEGASUS;E;TURQUIE;27721;9,7;27818;0,059;0;0,059;218
202008;QTR;QATAR AIRWAYS;E;QATAR;10775;6847,1;79246;0,054;0,0337;0,391;278
202008;RAM;ROYAL AIR MAROC;E;MAROC;26224;318,9;29413;0,048;0,0006;0,054;271
202008;REU;AIR AUSTRAL;F;FRANCE (OM);39819;1478;54599;0,315;0,0121;0,436;175
202008;RYR;RYANAIR;E;IRLANDE;394894;9;394984;0,406;0;0,406;3770
202008;SAS;SAS;E;SUEDE;15455;22,2;15677;0,024;0;0,024;164
202008;SRR;STAR AIR DANEMARK;E;DANEMARK;0;5014;50140;0;0,0029;0,029;252
202008;SWR;SWISS;E;SUISSE;24304;181,7;26121;0,011;0,0001;0,012;222
202008;SXS;SUNEXPRESS;E;TURQUIE;27464;0;27464;0,062;0;0,062;207
202008;TAP;TAP AIR PORTUGAL;E;PORTUGAL;47117;43,6;47553;0,064;0,0001;0,065;515
202008;TAR;TUNISAIR;E;TUNISIE;71670;167,3;73343;0,092;0,0002;0,094;751
202008;TAY;ASL AIRLINES BELGIUM;E;BELGIQUE;28;1418,3;14211;0;0,0016;0,016;308
202008;THT;AIR TAHITI NUI;F;FRANCE (OM);13266;499,1;18257;0,176;0,006;0,236;143
202008;THY;TURKISH AIRLINES;E;TURQUIE;68225;2845,7;96682;0,146;0,0063;0,209;616
202008;TPC;AIR CALEDONIE;F;FRANCE (OM);35616;112,5;36741;0,006;0;0,006;748
202008;TRA;TRANSAVIA PAYS BAS;E;PAYS-BAS;15814;0;15814;0,015;0;0,015;128
202008;TSC;AIR TRANSAT;E;CANADA;10630;6;10690;0,06;0;0,06;130
202008;TUI;TUIFLY;E;ALLEMAGNE;17712;0;17712;0,036;0;0,036;126
202008;TVF;TRANSAVIA FRANCE;F;FRANCE;414967;0;414967;0,657;0;0,657;3106
202008;TVS;TRAVEL SERVICE / SMARTWINGS;E;TCHEQUIE;10506;0,1;10507;0,026;0;0,026;91
202008;UAE;EMIRATES;E;EMIRATS ARABES UNIS;16860;2524,5;42105;0,088;0,0132;0,22;124
202008;UAL;UNITED AIRLINES;E;ETATS-UNIS;4859;1566,7;20526;0,03;0,0092;0,122;84
202008;UPS;UPS AIRLINES;E;ETATS-UNIS;0;2745,5;27455;0;0,0059;0,059;84
202008;VLG;VUELING AIRLINES;E;ESPAGNE;135515;55,5;136070;0,136;0,0001;0,137;1597
202008;VOE;VOLOTEA;E;ESPAGNE;357192;2,9;357221;0,316;0;0,316;2754
202008;VTA;AIR TAHITI;F;FRANCE (OM);58706;111,1;59817;0,021;0,0001;0,022;1555
202008;WZZ;WIZZ AIR;E;HONGRIE;120347;0;120347;0,173;0;0,173;930
202008;ZZE; AUTRES CIE (E);E;_ZZ_E;192224;8813,3;280357;0,453;0,0391;0,844;13037
202008;ZZF; AUTRES CIE (F);F;_ZZ_F;16799;163;18429;0,006;0,0001;0,007;4317
202009;AAL;AMERICAN AIRLINES;E;ETATS-UNIS;1988;1861,1;20599;0,016;0,0135;0,151;149
202009;ABR;ASL AIRLINES IRELAND;E;IRLANDE;0;1176,5;11765;0;0,001;0,01;431
202009;ACA;AIR CANADA;E;CANADA;6278;1048,2;16760;0,035;0,0058;0,093;60
202009;AEA;AIR EUROPA;E;ESPAGNE;34312;137,8;35690;0,048;0,0006;0,054;258
202009;AEE;AEGEAN AIRLINES;E;GRECE;38136;116,5;39301;0,079;0,0002;0,081;337
202009;AFR;AIR FRANCE;F;FRANCE;1446048;31504;1761088;2,735;0,2275;5,01;17542
202009;ANE;AIR NOSTRUM;E;ESPAGNE;12936;0;12936;0,01;0;0,01;213
202009;AUA;AUSTRIAN AIRLINES;E;AUTRICHE;13579;43;14009;0,012;0;0,012;249
202009;AZA;ALITALIA;E;ITALIE;22992;36,9;23361;0,019;0;0,019;302
202009;BAW;BRITISH AIRWAYS;E;ROYAUME-UNI;15659;52,6;16185;0,015;0;0,015;224
202009;BCS;EAT/EUROPEAN AIR TRANSP;E;ALLEMAGNE;3;9281,7;92820;0;0,0076;0,076;708
202009;BEL;BRUSSELS AIRLINES;E;BELGIQUE;12992;22,7;13219;0,007;0;0,007;186
202009;BGA;AIRBUS TRANSPORT INTL;F;FRANCE;0;3550,4;35504;0;0,0033;0,033;185
202009;CCA;AIR CHINA INTL;E;CHINE;2248;2448,9;26737;0,018;0,0206;0,224;28
202009;CCM;AIR CORSICA;F;FRANCE;157467;178,7;159254;0,099;0,0001;0,1;1833
202009;CES;CHINA EASTERN AIRLINES;E;CHINE;1710;1730,1;19011;0,016;0,0161;0,177;30
202009;CPA;CATHAY PACIFIC;E;HONG KONG (CHINE);0;2601,3;26013;0;0,0195;0,195;16
202009;CRL;CORSAIR;F;FRANCE;31829;1419,7;46026;0,224;0,0099;0,323;158
202009;DAH;AIR ALGERIE;E;ALGERIE;1249;1014,1;11390;0,002;0,0014;0,016;75
202009;DAL;DELTA AIR LINES;E;ETATS-UNIS;13161;4754,8;60709;0,086;0,0307;0,393;180
202009;DLH;LUFTHANSA;E;ALLEMAGNE;39732;1069,6;50428;0,027;0,0006;0,033;990
202009;EJU;EASYJET EUROPE;E;AUTRICHE;379884;0;379884;0,318;0;0,318;2960
202009;ETD;ETIHAD AIRWAYS;E;EMIRATS ARABES UNIS;2605;3845,6;41061;0,014;0,0202;0,216;94
202009;ETH;ETHIOPIAN AIRLINES;E;ETHIOPIE;9084;1714,8;26232;0,051;0,0094;0,145;80
202009;EZS;EASYJET SWITZERLAND;E;SUISSE;158266;0;158266;0,146;0;0,146;1468
202009;EZY;EASYJET R-U;E;ROYAUME-UNI;29224;0;29224;0,024;0;0,024;749
202009;FBU;FRENCH BEE;F;FRANCE;19811;838,2;28193;0,201;0,0081;0,282;77
202009;FDX;FEDEX EXPRESS;E;ETATS-UNIS;0;44298,9;442989;0;0,1516;1,516;1161
202009;FPO;ASL AIRLINES FRANCE;F;FRANCE;12276;2829;40566;0,017;0,0021;0,038;320
202009;FWI;AIR CARAIBES;F;FRANCE (OM);51948;1374,9;65697;0,287;0,0093;0,38;466
202009;GUY;CAIRE - AIR GUYANE EXPRESS;F;FRANCE (OM);13060;89,9;13959;0,003;0;0,003;1145
202009;IBE;IBERIA;E;ESPAGNE;22529;23,2;22761;0,023;0;0,023;181
202009;JAL;JAPAN AIRLINES;E;JAPON;1372;871,6;10088;0,013;0,0085;0,098;29
202009;KAL;KOREAN AIR;E;COREE DU SUD;2239;1628,2;18521;0,02;0,0146;0,166;50
202009;KLC;KLM/CITYHOPPER;E;PAYS-BAS;17871;0;17871;0,014;0;0,014;373
202009;KLM;KLM;E;PAYS-BAS;35646;299,8;38644;0,026;0,0001;0,027;625
202009;LBT;NOUVELAIR;E;TUNISIE;21751;25,9;22010;0,031;0;0,031;243
202009;MAC;AIR ARABIA MAROC;E;MAROC;26233;23,5;26468;0,042;0;0,042;356
202009;MNB;MNG AIRLINES;E;TURQUIE;0;1986,9;19869;0;0,0027;0,027;34
202009;NPT;ATLANTIC AIRLINES UK;E;ROYAUME-UNI;16;2259,7;22613;0;0,0013;0,013;179
202009;PGT;PEGASUS;E;TURQUIE;27424;10;27524;0,057;0;0,057;248
202009;QTR;QATAR AIRWAYS;E;QATAR;9306;7256,3;81869;0,046;0,0357;0,403;288
202009;RAM;ROYAL AIR MAROC;E;MAROC;25031;340,8;28439;0,046;0,0006;0,052;285
202009;REU;AIR AUSTRAL;F;FRANCE (OM);27094;1276,9;39863;0,211;0,0108;0,319;137
202009;RYR;RYANAIR;E;IRLANDE;212115;7,9;212194;0,227;0;0,227;2517
202009;SRR;STAR AIR DANEMARK;E;DANEMARK;0;5964,5;59645;0;0,0035;0,035;266
202009;SXS;SUNEXPRESS;E;TURQUIE;22578;0,3;22581;0,051;0;0,051;179
202009;SZN;AIR SENEGAL;E;SENEGAL;7795;270;10495;0,032;0,0011;0,043;52
202009;TAP;TAP AIR PORTUGAL;E;PORTUGAL;41795;61,6;42411;0,056;0,0001;0,057;496
202009;TAR;TUNISAIR;E;TUNISIE;36265;148,5;37750;0,047;0,0002;0,049;381
202009;TAY;ASL AIRLINES BELGIUM;E;BELGIQUE;0;1733;17330;0;0,0018;0,018;372
202009;THT;AIR TAHITI NUI;F;FRANCE (OM);9694;526,8;14962;0,121;0,0063;0,184;97
202009;THY;TURKISH AIRLINES;E;TURQUIE;51206;2597,3;77179;0,11;0,0057;0,167;440
202009;TPC;AIR CALEDONIE;F;FRANCE (OM);28405;110,2;29507;0,005;0;0,005;625
202009;TUI;TUIFLY;E;ALLEMAGNE;11205;0;11205;0,023;0;0,023;73
202009;TVF;TRANSAVIA FRANCE;F;FRANCE;283969;0;283969;0,459;0;0,459;2211
202009;UAE;EMIRATES;E;EMIRATS ARABES UNIS;11276;2812,1;39397;0,059;0,0147;0,206;124
202009;UAL;UNITED AIRLINES;E;ETATS-UNIS;5531;1838,7;23918;0,035;0,0108;0,143;86
202009;UPS;UPS AIRLINES;E;ETATS-UNIS;0;3110,6;31106;0;0,0059;0,059;88
202009;VLG;VUELING AIRLINES;E;ESPAGNE;86435;35,5;86790;0,087;0;0,087;984
202009;VOE;VOLOTEA;E;ESPAGNE;226431;2;226451;0,193;0;0,193;1729
202009;VTA;AIR TAHITI;F;FRANCE (OM);48244;113;49374;0,016;0,0001;0,017;1355
202009;WZZ;WIZZ AIR;E;HONGRIE;73574;0;73574;0,107;0;0,107;611
202009;ZZE; AUTRES CIE (E);E;_ZZ_E;183124;7084,2;253966;0,449;0,0396;0,845;10263
202009;ZZF; AUTRES CIE (F);F;_ZZ_F;18716;539,6;24112;0,022;0,0015;0,037;3644
202010;AAL;AMERICAN AIRLINES;E;ETATS-UNIS;1350;2346,4;24814;0,011;0,0168;0,179;152
202010;ACA;AIR CANADA;E;CANADA;5287;1166,3;16950;0,029;0,0064;0,093;62
202010;ACI;AIRCALIN;F;FRANCE (OM);6335;400,9;10344;0,02;0,0024;0,044;242
202010;AEA;AIR EUROPA;E;ESPAGNE;32542;61,6;33158;0,041;0,0001;0,042;244
202010;AEE;AEGEAN AIRLINES;E;GRECE;32988;105,3;34041;0,07;0,0002;0,072;289
202010;AFR;AIR FRANCE;F;FRANCE;1379098;39110,1;1770199;2,937;0,2866;5,803;15754
202010;AMX;AEROMEXICO;E;MEXIQUE;4848;643,2;11280;0,045;0,0059;0,104;46
202010;ANA;ANA ALL NIPPON AIRWAYS;E;JAPON;761;1001,2;10773;0,007;0,0097;0,104;36
202010;ANE;AIR NOSTRUM;E;ESPAGNE;13423;0,2;13425;0,01;0;0,01;235
202010;AUA;AUSTRIAN AIRLINES;E;AUTRICHE;10465;50,7;10972;0,01;0,0001;0,011;190
202010;AZA;ALITALIA;E;ITALIE;17448;29,2;17740;0,015;0;0,015;276
202010;BAW;BRITISH AIRWAYS;E;ROYAUME-UNI;24457;314,8;27605;0,019;0,0001;0,02;410
202010;BCS;EAT/EUROPEAN AIR TRANSP;E;ALLEMAGNE;0;10784,6;107846;0;0,0087;0,087;722
202010;BEL;BRUSSELS AIRLINES;E;BELGIQUE;13324;25,7;13581;0,007;0;0,007;176
202010;BGA;AIRBUS TRANSPORT INTL;F;FRANCE;0;3735,3;37353;0;0,0035;0,035;195
202010;CCA;AIR CHINA INTL;E;CHINE;1721;3522,5;36946;0,014;0,0298;0,312;52
202010;CCM;AIR CORSICA;F;FRANCE;133813;169;135503;0,081;0,0001;0,082;1595
202010;CES;CHINA EASTERN AIRLINES;E;CHINE;1682;1432,9;16011;0,015;0,0132;0,147;24
202010;CPA;CATHAY PACIFIC;E;HONG KONG (CHINE);2;2405,7;24059;0;0,0166;0,166;16
202010;CRL;CORSAIR;F;FRANCE;37686;1927,2;56958;0,281;0,0134;0,415;216
202010;DAH;AIR ALGERIE;E;ALGERIE;1405;3051,2;31917;0,002;0,0041;0,043;101
202010;DAL;DELTA AIR LINES;E;ETATS-UNIS;11975;4567,5;57650;0,078;0,0296;0,374;188
202010;DLH;LUFTHANSA;E;ALLEMAGNE;31927;935,2;41279;0,021;0,0005;0,026;785
202010;EJU;EASYJET EUROPE;E;AUTRICHE;202537;0;202537;0,165;0;0,165;1532
202010;ETD;ETIHAD AIRWAYS;E;EMIRATS ARABES UNIS;2517;4352,7;46044;0,013;0,0229;0,242;102
202010;ETH;ETHIOPIAN AIRLINES;E;ETHIOPIE;13132;1745,3;30585;0,073;0,0096;0,169;88
202010;EVA;EVA AIR;E;TAIWAN;891;1053;11421;0,009;0,0103;0,112;20
202010;EZS;EASYJET SWITZERLAND;E;SUISSE;108658;0;108658;0,106;0;0,106;1157
202010;FBU;FRENCH BEE;F;FRANCE;24736;937,8;34114;0,247;0,0092;0,339;87
202010;FDX;FEDEX EXPRESS;E;ETATS-UNIS;0;34061,4;340614;0;0,1184;1,184;1185
202010;FPO;ASL AIRLINES FRANCE;F;FRANCE;5491;2910,8;34599;0,007;0,0018;0,025;259
202010;FWI;AIR CARAIBES;F;FRANCE (OM);58170;1472,8;72898;0,347;0,01;0,447;433
202010;GUY;CAIRE - AIR GUYANE EXPRESS;F;FRANCE (OM);11973;74,4;12717;0,003;0;0,003;1005
202010;IBE;IBERIA;E;ESPAGNE;22292;21,8;22510;0,023;0;0,023;192
202010;JAL;JAPAN AIRLINES;E;JAPON;1367;1368,5;15052;0,013;0,0133;0,146;43
202010;KAL;KOREAN AIR;E;COREE DU SUD;1887;1832,1;20208;0,017;0,0164;0,181;55
202010;KLC;KLM/CITYHOPPER;E;PAYS-BAS;14133;0;14133;0,012;0;0,012;294
202010;KLM;KLM;E;PAYS-BAS;33981;329,1;37272;0,024;0,0001;0,025;563
202010;LBT;NOUVELAIR;E;TUNISIE;26970;98,8;27958;0,04;0,0001;0,041;234
202010;MAC;AIR ARABIA MAROC;E;MAROC;31454;15,9;31613;0,05;0;0,05;326
202010;MAR;AIR MEDITERRANEAN;E;GRECE;16192;0;16192;0,019;0;0,019;100
202010;MNB;MNG AIRLINES;E;TURQUIE;0;1870;18700;0;0,0025;0,025;32
202010;NPT;ATLANTIC AIRLINES UK;E;ROYAUME-UNI;11;2327,5;23286;0;0,0013;0,013;185
202010;PGT;PEGASUS;E;TURQUIE;37125;30,6;37431;0,077;0,0001;0,078;258
202010;QTR;QATAR AIRWAYS;E;QATAR;10662;7236,7;83029;0,053;0,0354;0,407;317
202010;RAM;ROYAL AIR MAROC;E;MAROC;54655;287,7;57532;0,099;0,0005;0,104;526
202010;REU;AIR AUSTRAL;F;FRANCE (OM);37226;1544,9;52675;0,27;0,0127;0,397;171
202010;RYR;RYANAIR;E;IRLANDE;183916;2,3;183939;0,202;0;0,202;1838
202010;SRR;STAR AIR DANEMARK;E;DANEMARK;0;4857,4;48574;0;0,0032;0,032;265
202010;SXS;SUNEXPRESS;E;TURQUIE;28475;0,4;28479;0,064;0;0,064;210
202010;SZN;AIR SENEGAL;E;SENEGAL;7675;245,7;10132;0,032;0,001;0,042;55
202010;TAP;TAP AIR PORTUGAL;E;PORTUGAL;44916;55,7;45473;0,06;0,0001;0,061;483
202010;TAR;TUNISAIR;E;TUNISIE;32485;159,6;34081;0,042;0,0002;0,044;343
202010;TAY;ASL AIRLINES BELGIUM;E;BELGIQUE;14;1616,4;16178;0;0,0016;0,016;371
202010;THT;AIR TAHITI NUI;F;FRANCE (OM);11389;605,6;17445;0,139;0,0076;0,215;98
202010;THY;TURKISH AIRLINES;E;TURQUIE;58296;3368;91976;0,124;0,0075;0,199;462
202010;TPC;AIR CALEDONIE;F;FRANCE (OM);39310;122;40530;0,007;0;0,007;778
202010;TVF;TRANSAVIA FRANCE;F;FRANCE;268805;0;268805;0,433;0;0,433;2006
202010;UAE;EMIRATES;E;EMIRATS ARABES UNIS;19205;3471,8;53923;0,101;0,0182;0,283;148
202010;UAL;UNITED AIRLINES;E;ETATS-UNIS;6691;2967,1;36362;0,043;0,0182;0,225;114
202010;UPS;UPS AIRLINES;E;ETATS-UNIS;0;1723,7;17237;0;0,0024;0,024;90
202010;VLG;VUELING AIRLINES;E;ESPAGNE;92394;34,9;92743;0,096;0;0,096;973
202010;VOE;VOLOTEA;E;ESPAGNE;152602;0;152602;0,132;0;0,132;1209
202010;VTA;AIR TAHITI;F;FRANCE (OM);54895;113,5;56030;0,019;0,0001;0,02;1515
202010;WZZ;WIZZ AIR;E;HONGRIE;57604;0;57604;0,081;0;0,081;498
202010;ZZE; AUTRES CIE (E);E;_ZZ_E;176162;7570,6;251868;0,406;0,03;0,706;8949
202010;ZZF; AUTRES CIE (F);F;_ZZ_F;15096;296,4;18060;0,005;0,0002;0,007;3638
202011;AAL;AMERICAN AIRLINES;E;ETATS-UNIS;932;1125,9;12191;0,007;0,0089;0,096;52
202011;ACA;AIR CANADA;E;CANADA;4090;1330,6;17396;0,023;0,0074;0,097;60
202011;AEA;AIR EUROPA;E;ESPAGNE;13589;74,1;14330;0,017;0,0001;0,018;138
202011;AFR;AIR FRANCE;F;FRANCE;564707;36192,7;926634;1,695;0,2644;4,339;7266
202011;ANA;ANA ALL NIPPON AIRWAYS;E;JAPON;477;1176,8;12245;0,005;0,0114;0,119;42
202011;ANE;AIR NOSTRUM;E;ESPAGNE;10361;0;10361;0,008;0;0,008;257
202011;BCS;EAT/EUROPEAN AIR TRANSP;E;ALLEMAGNE;0;7031,1;70311;0;0,0054;0,054;663
202011;BGA;AIRBUS TRANSPORT INTL;F;FRANCE;0;3281,6;32816;0;0,0031;0,031;170
202011;CCA;AIR CHINA INTL;E;CHINE;945;2828,1;29226;0,008;0,0239;0,247;30
202011;CCM;AIR CORSICA;F;FRANCE;38357;137,3;39730;0,021;0,0001;0,022;1004
202011;CES;CHINA EASTERN AIRLINES;E;CHINE;1419;1912,5;20544;0,013;0,0177;0,19;33
202011;CPA;CATHAY PACIFIC;E;HONG KONG (CHINE);0;2960;29600;0;0,0239;0,239;22
202011;CRL;CORSAIR;F;FRANCE;15225;1077,7;26002;0,11;0,0079;0,189;112
202011;DAH;AIR ALGERIE;E;ALGERIE;81;2479,3;24874;0;0,0033;0,033;105
202011;DAL;DELTA AIR LINES;E;ETATS-UNIS;8469;2965,7;38126;0,056;0,0193;0,249;132
202011;DLH;LUFTHANSA;E;ALLEMAGNE;12132;404,8;16180;0,007;0,0002;0,009;337
202011;EJU;EASYJET EUROPE;E;AUTRICHE;39974;0;39974;0,031;0;0,031;490
202011;ETD;ETIHAD AIRWAYS;E;EMIRATS ARABES UNIS;2260;4340,6;45666;0,012;0,0228;0,24;106
202011;ETH;ETHIOPIAN AIRLINES;E;ETHIOPIE;8967;1822,1;27188;0,05;0,0099;0,149;87
202011;EVA;EVA AIR;E;TAIWAN;536;1077,5;11311;0,005;0,0106;0,111;20
202011;EZS;EASYJET SWITZERLAND;E;SUISSE;18168;0;18168;0,025;0;0,025;208
202011;FBU;FRENCH BEE;F;FRANCE;10097;1032,8;20425;0,102;0,0098;0,2;67
202011;FDX;FEDEX EXPRESS;E;ETATS-UNIS;0;43164,5;431645;0;0,1477;1,477;1096
202011;FPO;ASL AIRLINES FRANCE;F;FRANCE;1393;2513,1;26524;0,002;0,0014;0,016;200
202011;FWI;AIR CARAIBES;F;FRANCE (OM);34043;1342,5;47468;0,186;0,0091;0,277;369
202011;GUY;CAIRE - AIR GUYANE EXPRESS;F;FRANCE (OM);10483;62,9;11112;0,002;0;0,002;786
202011;IBE;IBERIA;E;ESPAGNE;15216;20,2;15418;0,016;0;0,016;180
202011;JAL;JAPAN AIRLINES;E;JAPON;1265;1398,9;15254;0,012;0,0136;0,148;40
202011;KAL;KOREAN AIR;E;COREE DU SUD;1185;2653,6;27721;0,011;0,0237;0,248;71
202011;KLM;KLM;E;PAYS-BAS;23857;324,5;27102;0,015;0,0001;0,016;452
202011;LBT;NOUVELAIR;E;TUNISIE;11129;47;11599;0,016;0,0001;0,017;107
202011;MAC;AIR ARABIA MAROC;E;MAROC;24485;13,5;24620;0,039;0;0,039;303
202011;MNB;MNG AIRLINES;E;TURQUIE;0;1870;18700;0;0,0026;0,026;32
202011;NPT;ATLANTIC AIRLINES UK;E;ROYAUME-UNI;17;2130;21317;0;0,0012;0,012;163
202011;PGT;PEGASUS;E;TURQUIE;25785;33,6;26121;0,053;0,0001;0,054;213
202011;QTR;QATAR AIRWAYS;E;QATAR;7641;6969,2;77333;0,038;0,0343;0,381;292
202011;RAM;ROYAL AIR MAROC;E;MAROC;40219;173,2;41951;0,073;0,0003;0,076;450
202011;REU;AIR AUSTRAL;F;FRANCE (OM);19674;1145,3;31127;0,132;0,0096;0,228;119
202011;RYR;RYANAIR;E;IRLANDE;81937;3,2;81969;0,097;0;0,097;1172
202011;SRR;STAR AIR DANEMARK;E;DANEMARK;0;3913,4;39134;0;0,0027;0,027;239
202011;SZN;AIR SENEGAL;E;SENEGAL;6278;508,1;11359;0,026;0,0021;0,047;54
202011;TAP;TAP AIR PORTUGAL;E;PORTUGAL;21499;68,7;22186;0,029;0,0001;0,03;349
202011;TAR;TUNISAIR;E;TUNISIE;19265;182,7;21092;0,025;0,0003;0,028;182
202011;TAY;ASL AIRLINES BELGIUM;E;BELGIQUE;0;1688,2;16882;0;0,0018;0,018;338
202011;THT;AIR TAHITI NUI;F;FRANCE (OM);7899;542,1;13320;0,079;0,0066;0,145;75
202011;THY;TURKISH AIRLINES;E;TURQUIE;32158;1771,1;49869;0,068;0,0039;0,107;373
202011;TPC;AIR CALEDONIE;F;FRANCE (OM);30351;112,5;31476;0,005;0;0,005;652
202011;TVF;TRANSAVIA FRANCE;F;FRANCE;59534;0;59534;0,092;0;0,092;560
202011;UAE;EMIRATES;E;EMIRATS ARABES UNIS;14071;3181,6;45887;0,074;0,0166;0,24;128
202011;UAL;UNITED AIRLINES;E;ETATS-UNIS;5923;3406,2;39985;0,038;0,0209;0,247;112
202011;VLG;VUELING AIRLINES;E;ESPAGNE;19370;12;19490;0,022;0;0,022;320
202011;VOE;VOLOTEA;E;ESPAGNE;12216;0;12216;0,011;0;0,011;164
202011;VTA;AIR TAHITI;F;FRANCE (OM);42502;102,5;43527;0,016;0,0001;0,017;1453
202011;WZZ;WIZZ AIR;E;HONGRIE;19972;0;19972;0,025;0;0,025;171
202011;ZZE; AUTRES CIE (E);E;_ZZ_E;144493;13039,8;274891;0,283;0,0533;0,816;8473
202011;ZZF; AUTRES CIE (F);F;_ZZ_F;15316;743,9;22755;0,018;0,0019;0,037;2964
202012;ACA;AIR CANADA;E;CANADA;10124;1469,1;24815;0,056;0,0082;0,138;70
202012;ACI;AIRCALIN;F;FRANCE (OM);6380;384,2;10222;0,022;0,0018;0,04;238
202012;AEA;AIR EUROPA;E;ESPAGNE;21179;80,2;21981;0,025;0,0001;0,026;172
202012;AFR;AIR FRANCE;F;FRANCE;1115854;47036,5;1586219;3,509;0,3466;6,975;10386
202012;AMX;AEROMEXICO;E;MEXIQUE;7366;408,3;11449;0,068;0,0038;0,106;44
202012;ANA;ANA ALL NIPPON AIRWAYS;E;JAPON;590;1460;15190;0,006;0,0142;0,148;54
202012;ANE;AIR NOSTRUM;E;ESPAGNE;18428;0;18428;0,014;0;0,014;364
202012;BAW;BRITISH AIRWAYS;E;ROYAUME-UNI;20211;79,3;21004;0,016;0;0,016;192
202012;BCS;EAT/EUROPEAN AIR TRANSP;E;ALLEMAGNE;0;13073,8;130738;0;0,0108;0,108;792
202012;BEL;BRUSSELS AIRLINES;E;BELGIQUE;12578;38,5;12963;0,007;0;0,007;184
202012;BGA;AIRBUS TRANSPORT INTL;F;FRANCE;0;2371,4;23714;0;0,0023;0,023;122
202012;CCA;AIR CHINA INTL;E;CHINE;1696;3734,9;39045;0,014;0,0311;0,325;44
202012;CCM;AIR CORSICA;F;FRANCE;84559;150,8;86067;0,048;0,0001;0,049;1231
202012;CES;CHINA EASTERN AIRLINES;E;CHINE;1618;2909,3;30711;0,015;0,0268;0,283;52
202012;CPA;CATHAY PACIFIC;E;HONG KONG (CHINE);5;4275;42755;0;0,0353;0,353;40
202012;CRL;CORSAIR;F;FRANCE;44264;1792,6;62190;0,303;0,013;0,433;199
202012;DAH;AIR ALGERIE;E;ALGERIE;10410;2497,3;35383;0,012;0,0033;0,045;180
202012;DAL;DELTA AIR LINES;E;ETATS-UNIS;13724;2640,3;40127;0,091;0,0173;0,264;117
202012;DLH;LUFTHANSA;E;ALLEMAGNE;19801;462,2;24423;0,012;0,0002;0,014;271
202012;EJU;EASYJET EUROPE;E;AUTRICHE;156563;0,4;156567;0,141;0;0,141;1288
202012;ELY;EL AL;E;ISRAEL;5928;611,1;12039;0,019;0,002;0,039;44
202012;ETD;ETIHAD AIRWAYS;E;EMIRATS ARABES UNIS;5325;4418,7;49512;0,028;0,0232;0,26;104
202012;ETH;ETHIOPIAN AIRLINES;E;ETHIOPIE;16626;1517,2;31798;0,092;0,0081;0,173;88
202012;EZS;EASYJET SWITZERLAND;E;SUISSE;62651;0;62651;0,066;0;0,066;639
202012;EZY;EASYJET R-U;E;ROYAUME-UNI;15494;0;15494;0,01;0;0,01;205
202012;FBU;FRENCH BEE;F;FRANCE;29537;1750,7;47044;0,285;0,0167;0,452;106
202012;FDX;FEDEX EXPRESS;E;ETATS-UNIS;0;35526,6;355266;0;0,1228;1,228;1165
202012;FPO;ASL AIRLINES FRANCE;F;FRANCE;1675;3084,6;32521;0,002;0,0018;0,02;262
202012;FWI;AIR CARAIBES;F;FRANCE (OM);95217;2134,1;116558;0,556;0,0145;0,701;636
202012;GUY;CAIRE - AIR GUYANE EXPRESS;F;FRANCE (OM);18610;98,5;19595;0,004;0;0,004;1164
202012;IBE;IBERIA;E;ESPAGNE;17787;39,8;18185;0,018;0;0,018;180
202012;JAL;JAPAN AIRLINES;E;JAPON;1834;1238,8;14222;0,018;0,012;0,138;42
202012;KAL;KOREAN AIR;E;COREE DU SUD;1437;1641,5;17852;0,013;0,0147;0,16;49
202012;KLC;KLM/CITYHOPPER;E;PAYS-BAS;18117;0;18117;0,016;0;0,016;256
202012;KLM;KLM;E;PAYS-BAS;33434;351,2;36946;0,019;0,0001;0,02;456
202012;LBT;NOUVELAIR;E;TUNISIE;23360;41,1;23771;0,033;0,0001;0,034;189
202012;MAC;AIR ARABIA MAROC;E;MAROC;43303;18,9;43492;0,069;0;0,069;390
202012;MAR;AIR MEDITERRANEAN;E;GRECE;13839;0;13839;0,017;0;0,017;96
202012;MEA;MIDDLE EAST AIRLINES;E;LIBAN;9605;182,5;11430;0,031;0,0006;0,037;70
202012;MNB;MNG AIRLINES;E;TURQUIE;0;1694,7;16947;0;0,0026;0,026;29
202012;MSR;EGYPT AIR;E;EGYPTE;8790;1341,5;22205;0,028;0,0043;0,071;62
202012;NPT;ATLANTIC AIRLINES UK;E;ROYAUME-UNI;17;2018,2;20199;0;0,0011;0,011;139
202012;NWS;NORDWIND AIRLINES;E;RUSSIE (FED. DE);7;1197,7;11984;0;0,0029;0,029;36
202012;PGT;PEGASUS;E;TURQUIE;35196;47,3;35669;0,073;0,0001;0,074;238
202012;QTR;QATAR AIRWAYS;E;QATAR;13094;6856,3;81657;0,065;0,0335;0,4;289
202012;RAM;ROYAL AIR MAROC;E;MAROC;89417;353,5;92952;0,164;0,0007;0,171;764
202012;REU;AIR AUSTRAL;F;FRANCE (OM);42675;2371,4;66389;0,286;0,0203;0,489;206
202012;RYR;RYANAIR;E;IRLANDE;139511;1,6;139527;0,163;0;0,163;1205
202012;SRR;STAR AIR DANEMARK;E;DANEMARK;0;4396,7;43967;0;0,0029;0,029;264
202012;SWT;SWIFTAIR ESPAGNE;E;ESPAGNE;72;1032,5;10397;0;0,0009;0,009;252
202012;SZN;AIR SENEGAL;E;SENEGAL;8031;506,6;13097;0,033;0,0021;0,054;60
202012;TAP;TAP AIR PORTUGAL;E;PORTUGAL;36397;72,1;37118;0,049;0,0001;0,05;430
202012;TAR;TUNISAIR;E;TUNISIE;36092;187,3;37965;0,045;0,0003;0,048;349
202012;TAY;ASL AIRLINES BELGIUM;E;BELGIQUE;4;1529,6;15300;0;0,0015;0,015;355
202012;THT;AIR TAHITI NUI;F;FRANCE (OM);7717;541,8;13135;0,086;0,0064;0,15;64
202012;THY;TURKISH AIRLINES;E;TURQUIE;45876;1919,1;65067;0,098;0,0043;0,141;390
202012;TPC;AIR CALEDONIE;F;FRANCE (OM);35263;147,4;36737;0,006;0;0,006;759
202012;TVF;TRANSAVIA FRANCE;F;FRANCE;165489;0;165489;0,232;0;0,232;1426
202012;UAE;EMIRATES;E;EMIRATS ARABES UNIS;34983;3211,3;67096;0,183;0,0168;0,351;149
202012;UAL;UNITED AIRLINES;E;ETATS-UNIS;8420;2843;36850;0,053;0,0173;0,226;112
202012;UPS;UPS AIRLINES;E;ETATS-UNIS;0;1545,7;15457;0;0,0022;0,022;98
202012;VLG;VUELING AIRLINES;E;ESPAGNE;51703;24,2;51945;0,057;0;0,057;681
202012;VOE;VOLOTEA;E;ESPAGNE;115425;0;115425;0,094;0;0,094;1048
202012;VTA;AIR TAHITI;F;FRANCE (OM);54673;169;56363;0,022;0,0001;0,023;1785
202012;WZZ;WIZZ AIR;E;HONGRIE;41040;0;41040;0,058;0;0,058;368
202012;ZZE; AUTRES CIE (E);E;_ZZ_E;166340;12040,3;286743;0,34;0,0644;0,984;9740
202012;ZZF; AUTRES CIE (F);F;_ZZ_F;14138;422,9;18367;0,005;0,0003;0,008;3263
